timezone,country,location_name,latitude,longitude,last_updated_epoch,temperature_celsius,temperature_fahrenheit,condition_text,wind_mph,wind_kph,wind_degree,wind_direction,pressure_mb,pressure_in,precip_mm,precip_in,humidity,cloud,feels_like_celsius,feels_like_fahrenheit,visibility_km,visibility_miles,uv_index,gust_mph,gust_kph,air_quality_Carbon_Monoxide,air_quality_Ozone,air_quality_Nitrogen_dioxide,air_quality_Sulphur_dioxide,air_quality_PM2.5,air_quality_PM10,air_quality_us-epa-index,air_quality_gb-defra-index,sunrise,sunset,moonrise,moonset,moon_phase,moon_illumination,year,month,season
,Afghanistan,Kabul,34.52,69.18,1715849100,26.6,79.8,Partly Cloudy,8.3,13.3,338,NNW,1012,29.89,0,0,24,30,25.3,77.5,10,6,7,9.5,15.3,277,103,1.1,0.2,8.4,26.6,1,1,4:50 AM,6:50 PM,12:12 PM,1:11 AM,Waxing Gibbous,55,2024,5,Spring
,Albania,Tirana,41.33,19.82,1715849100,19,66.2,Partly cloudy,6.9,11.2,320,NW,1012,29.88,0.1,0,94,75,19,66.2,10,6,5,11.4,18.4,193.6,97.3,0.9,0.1,1.1,2,1,1,5:21 AM,7:54 PM,12:58 PM,2:14 AM,Waxing Gibbous,55,2024,5,Spring
,Algeria,Algiers,36.76,3.05,1715849100,23,73.4,Sunny,9.4,15.1,280,W,1011,29.85,0,0,29,0,24.6,76.4,10,6,5,13.9,22.3,540.7,12.2,65.1,13.4,10.4,18.4,1,1,5:40 AM,7:50 PM,1:15 PM,2:14 AM,Waxing Gibbous,55,2024,5,Spring
,Andorra,Andorra La Vella,42.5,1.52,1715849100,6.3,43.3,Light drizzle,7.4,11.9,215,SW,1007,29.75,0.3,0.01,61,100,3.8,38.9,2,1,2,8.5,13.7,170.2,64.4,1.6,0.2,0.7,0.9,1,1,6:31 AM,9:11 PM,2:12 PM,3:31 AM,Waxing Gibbous,55,2024,5,Spring
,Angola,Luanda,-8.84,13.23,1715849100,26,78.8,Partly cloudy,8.1,13,150,SSE,1011,29.85,0,0,89,50,28.7,83.6,10,6,8,12.5,20.2,2964,19,72.7,31.5,183.4,262.3,5,10,6:12 AM,5:55 PM,1:17 PM,12:38 AM,Waxing Gibbous,55,2024,5,Spring
,Antigua and Barbuda,Saint John's,17.12,-61.85,1715849100,26,78.8,Partly cloudy,5.6,9,90,E,1013,29.91,0.02,0,84,25,28.2,82.8,10,6,1,15.7,25.3,220.3,29,0.2,0.2,1.2,4.5,1,1,5:36 AM,6:32 PM,1:05 PM,1:14 AM,Waxing Gibbous,55,2024,5,Spring
,Argentina,Buenos Aires,-34.59,-58.67,1715849100,8,46.4,Clear,2.2,3.6,10,N,1014,29.94,0,0,93,0,7.1,44.9,10,6,1,6.5,10.5,270.4,7.7,8.3,1.3,4,5.3,1,1,7:43 AM,5:59 PM,2:36 PM,1:04 AM,Waxing Gibbous,55,2024,5,Spring
,Armenia,Yerevan,40.18,44.51,1715849100,19,66.2,Partly cloudy,4.3,6.8,140,SE,1017,30.03,0.13,0.01,40,25,19,66.2,10,6,4,6.2,9.9,186.9,103,1,0.3,0.8,0.9,1,1,5:45 AM,8:12 PM,1:17 PM,2:31 AM,Waxing Gibbous,55,2024,5,Spring
,Australia,Canberra,-35.28,149.22,1715849100,9,48.2,Clear,2.5,4,100,E,1027,30.33,0,0,87,0,9.1,48.5,10,6,1,3.3,5.3,277,26.8,15.1,1,3.7,5.4,1,1,6:52 AM,5:07 PM,1:31 PM,No moonset,Waxing Gibbous,55,2024,5,Spring
,Austria,Vienna,48.2,16.37,1715849100,16,60.8,Partly cloudy,12.5,20.2,110,ESE,1013,29.91,0,0,63,75,16,60.8,10,6,5,19.8,31.9,220.3,68.7,5.1,4.1,3.7,4.4,1,1,5:14 AM,8:29 PM,1:00 PM,2:42 AM,Waxing Gibbous,55,2024,5,Spring
,Azerbaijan,Baku,40.4,49.88,1715849100,17,62.6,Partly cloudy,4.3,6.8,20,NNE,1020,30.12,0,0,68,50,17,62.6,10,6,5,4.6,7.4,227,81.5,7.1,1.8,1.9,2.2,1,1,5:23 AM,7:51 PM,12:54 PM,2:10 AM,Waxing Gibbous,55,2024,5,Spring
,Bahamas,Nassau,25.08,-77.35,1715849100,27,80.6,Partly cloudy,16.1,25.9,180,S,1012,29.87,0,0,89,50,31.1,88,10,6,1,24.2,39,330.5,59.4,1.2,1.5,12.2,24.6,1,2,6:24 AM,7:48 PM,2:01 PM,2:26 AM,Waxing Gibbous,55,2024,5,Spring
,Bahrain,Manama,26.24,50.58,1715849100,36,96.8,Sunny,13.6,22,140,SE,1007,29.74,0,0,33,0,45.4,113.6,10,6,8,18.1,29.2,397.2,100.1,18.5,9.7,39,114.3,2,4,4:50 AM,6:18 PM,12:10 PM,12:45 AM,Waxing Gibbous,55,2024,5,Spring
,Bangladesh,Dhaka,23.72,90.41,1715849100,38.4,101.2,Partly Cloudy,4.3,6.8,222,SW,1006,29.71,0,0,31,30,41.3,106.4,10,6,9,4.9,7.9,520.7,188.8,8.7,4.7,49.7,57,3,6,5:16 AM,6:34 PM,12:28 PM,12:58 AM,Waxing Gibbous,55,2024,5,Spring
,Barbados,Bridgetown,13.1,-59.62,1715849100,28,82.4,Partly cloudy,16.1,25.9,90,E,1012,29.88,0,0,74,50,31.9,89.4,10,6,1,19.7,31.8,257,21.1,1,0.9,1.9,8.2,1,1,5:33 AM,6:17 PM,12:59 PM,1:00 AM,Waxing Gibbous,55,2024,5,Spring
,Belarus,Minsk,53.9,27.57,1715849100,17,62.6,Sunny,11.9,19.1,150,SSE,1027,30.33,0,0,29,0,17,62.6,10,6,4,16.3,26.3,201.9,88.7,1.4,2.1,1.6,1.7,1,1,5:05 AM,9:08 PM,12:59 PM,3:13 AM,Waxing Gibbous,55,2024,5,Spring
,Belgium,Brussels,50.83,4.33,1715849100,15,59,Partly cloudy,3.8,6.1,240,WSW,1003,29.62,0.25,0.01,94,50,14.6,58.2,10,6,3,8.8,14.2,277,11.2,22.3,3.4,14.7,15.8,1,2,5:52 AM,9:28 PM,1:45 PM,3:38 AM,Waxing Gibbous,55,2024,5,Spring
,Belize,Belmopan,17.25,-88.77,1715849100,26,78.9,Overcast,4.3,6.8,99,E,1007,29.75,0,0,89,94,29.6,85.3,10,6,1,6.5,10.4,307.1,34,0.3,0.2,7.7,32.1,1,1,5:23 AM,6:20 PM,12:56 PM,1:04 AM,Waxing Gibbous,55,2024,5,Spring
,Benin,Porto-Novo,6.48,2.62,1715849100,28,82.4,Moderate or heavy rain with thunder,15,24.1,210,SSW,1012,29.88,0.02,0,79,75,31.2,88.1,10,6,7,19.5,31.3,587.5,14.5,4.5,2.2,8.2,15.7,1,1,6:33 AM,6:59 PM,1:48 PM,1:38 AM,Waxing Gibbous,55,2024,5,Spring
,Bhutan,Thimphu,27.48,89.6,1715849100,18.2,64.8,Patchy light rain in area with thunder,7.2,11.5,142,SE,1012,29.87,0.16,0.01,50,77,18.2,64.8,10,6,4,8.6,13.9,280.4,69.4,0.2,0.7,9.3,11.5,1,1,5:12 AM,6:44 PM,12:27 PM,1:07 AM,Waxing Gibbous,55,2024,5,Spring
,Bolivia,Sucre,-19.04,-65.26,1715849100,12.3,54.1,Clear,2.2,3.6,3,N,1010,29.82,0,0,77,10,12.3,54.1,10,6,1,3.1,4.9,212,26.5,2.1,0.5,4.6,9.1,1,1,6:41 AM,5:53 PM,1:48 PM,12:51 AM,Waxing Gibbous,55,2024,5,Spring
,Bosnia and Herzegovina,Sarajevo,43.85,18.38,1715849100,19,66.2,Partly cloudy,2.2,3.6,194,SSW,1012,29.88,0,0,64,25,19,66.2,10,6,5,7,11.2,178.6,70.1,1.1,2.8,2.7,5.3,1,1,5:20 AM,8:07 PM,1:00 PM,2:24 AM,Waxing Gibbous,55,2024,5,Spring
,Botswana,Gaborone,-24.65,25.91,1715849100,22,71.6,Sunny,4.3,6.8,120,ESE,1028,30.36,0,0,43,0,22.6,72.8,10,6,7,8.2,13.2,433.9,47.2,7.3,3.9,16.4,24.8,2,2,6:45 AM,5:40 PM,1:40 PM,12:27 AM,Waxing Gibbous,55,2024,5,Spring
,Brazil,Bras,-2.08,-58.17,1715849100,23.1,73.6,Fog,2.5,4,62,ENE,1009,29.81,0.04,0,98,100,25.7,78.2,0,0,1,5,8,168.6,1,0.2,0.1,0.5,0.5,1,1,5:49 AM,5:50 PM,1:05 PM,12:39 AM,Waxing Gibbous,55,2024,5,Spring
,Brunei Darussalam,Bandar Seri Begawan,4.88,114.93,1715849100,32,89.6,Patchy light rain with thunder,6.9,11.2,310,NW,1006,29.71,0,0,84,75,39.5,103,10,6,8,11.4,18.4,323.8,27.2,1.8,0.4,2.2,2.3,1,1,6:06 AM,6:27 PM,1:06 PM,12:54 AM,Waxing Gibbous,55,2024,5,Spring
,Bulgaria,Sofia,42.68,23.32,1715849100,12,53.6,Overcast,12.5,20.2,110,ESE,1021,30.15,0,0,77,100,10.9,51.6,10,6,3,17,27.4,233.7,57.2,4.5,0.6,3.5,4.8,1,1,6:03 AM,8:44 PM,1:41 PM,3:02 AM,Waxing Gibbous,55,2024,5,Spring
,Burkina Faso,Ouagadougou,12.37,-1.52,1715849100,32,89.6,Moderate or heavy rain with thunder,6.9,11.2,230,SW,1011,29.85,0,0,67,50,34.2,93.6,10,6,8,13.6,22,474,21.6,1.7,1,5.4,13.9,1,1,5:42 AM,6:24 PM,12:59 PM,1:01 AM,Waxing Gibbous,55,2024,5,Spring
,Burundi,Bujumbura,-3.38,29.36,1715849100,21.1,69.9,Patchy rain nearby,2.2,3.6,357,N,1016,30.01,0.02,0,66,86,21.1,69.9,10,6,6,4,6.4,687.6,67.2,2.1,2,33.3,80.9,2,3,6:00 AM,5:58 PM,1:06 PM,12:37 AM,Waxing Gibbous,55,2024,5,Spring
,Madagascar,Ivory,-24.37,46.45,1715849100,27.4,81.4,Sunny,10.1,16.2,55,NE,1020,30.11,0,0,44,5,27.6,81.6,10,6,8,11.6,18.6,212,39,0,0,0.5,0.8,1,1,6:23 AM,5:18 PM,1:16 PM,12:02 AM,Waxing Gibbous,55,2024,5,Spring
,Cape Verde,Praia,14.93,-23.51,1715849100,22,71.6,Partly cloudy,9.4,15.1,20,NNE,1014,29.94,0,0,69,75,24.5,76.2,10,6,6,11.3,18.1,181.9,45.8,0.6,0.1,6.1,23.2,1,1,6:05 AM,6:56 PM,1:28 PM,1:35 AM,Waxing Gibbous,55,2024,5,Spring
,Cambodia,Phnom Penh,11.55,104.92,1715849100,38,100.4,Partly cloudy,6.9,11.2,160,SSE,1005,29.68,0,0,45,50,42.4,108.3,10,6,9,9.8,15.7,1295.1,46.5,14.9,10,17.1,23,2,2,5:37 AM,6:17 PM,12:41 PM,12:43 AM,Waxing Gibbous,55,2024,5,Spring
,Cameroon,Yaounde,3.87,11.52,1715849100,25,76.9,Partly Cloudy,2.2,3.6,55,NE,1014,29.94,0,0,78,25,27,80.5,10,6,6,2.6,4.1,727.7,12.9,4.9,1.2,25.6,31.2,2,3,6:01 AM,6:19 PM,1:13 PM,12:59 AM,Waxing Gibbous,55,2024,5,Spring
,Canada,Ottawa,45.42,-75.7,1715849100,12,53.6,Partly cloudy,9.4,15.1,10,N,1011,29.84,0,0,71,50,11.1,52,24,14,1,11.4,18.4,193.6,15,1.8,0.2,5,5.5,1,1,5:31 AM,8:28 PM,1:31 PM,2:49 AM,Waxing Gibbous,55,2024,5,Spring
,Central African Republic,Bangui,4.37,18.58,1715849100,28.4,83.2,Sunny,4.7,7.6,155,SSE,1013,29.9,0,0,60,7,30.3,86.6,10,6,7,5.4,8.7,217,0.6,0.1,0,0.5,0.7,1,1,5:33 AM,5:52 PM,12:43 PM,12:30 AM,Waxing Gibbous,55,2024,5,Spring
,Chad,N'djamena,12.11,15.05,1715849100,37.2,98.9,Sunny,8.9,14.4,150,SSE,1010,29.82,0,0,27,2,37.9,100.2,10,6,9,10.3,16.6,480.7,37.2,1,0.9,13.6,38.8,1,2,5:36 AM,6:17 PM,12:51 PM,12:53 AM,Waxing Gibbous,55,2024,5,Spring
,Chile,Santiago,-33.45,-70.67,1715849100,1,33.8,Clear,4.3,6.8,50,NE,1019,30.09,0,0,93,0,0.3,32.5,7,4,1,8.7,14,2723.7,0,41.8,24.8,211.1,268.6,5,10,7:28 AM,5:50 PM,2:23 PM,12:56 AM,Waxing Gibbous,55,2024,5,Spring
,China,Beijing,39.93,116.39,1715849100,29,84.2,Sunny,9.4,15.1,180,S,1001,29.56,0,0,22,0,26.9,80.4,10,6,8,13.9,22.3,1335.1,85.1,101.5,223.2,84.9,107.8,4,10,4:58 AM,7:24 PM,12:17 PM,1:39 AM,Waxing Gibbous,55,2024,5,Spring
,Bulgaria,Bogot,43.32,24.7,1715849100,15.9,60.7,Overcast,8.7,14,110,ESE,1020,30.13,0,0,62,100,15.9,60.7,10,6,4,10.4,16.8,212,64.4,1.2,0.2,3,3.2,1,1,5:56 AM,8:40 PM,1:35 PM,2:58 AM,Waxing Gibbous,55,2024,5,Spring
,Comoros,Moroni,-11.7,43.24,1715849100,27.5,81.5,Patchy rain nearby,14.5,23.4,161,SSE,1015,29.99,0.1,0,73,70,30.4,86.7,10,6,7,16.7,26.9,257,37.6,0.2,0.1,1.5,2.7,1,1,6:16 AM,5:51 PM,1:17 PM,12:31 AM,Waxing Gibbous,55,2024,5,Spring
,Congo,Brazzaville,-4.26,15.28,1715849100,29.6,85.2,Sunny,2.7,4.3,49,NE,1012,29.89,0,0,66,14,33.3,92,10,6,8,3.1,5,694.3,5.2,11.8,2.6,17.3,72.7,2,2,5:58 AM,5:53 PM,1:05 PM,12:34 AM,Waxing Gibbous,55,2024,5,Spring
,Costa Rica,San Juan,9.97,-84.08,1715849100,21,69.8,Fog,2.2,3.6,10,N,1016,30.01,0.17,0.01,100,75,21,69.8,7,4,1,3.8,6,1161.6,0,10.9,6.6,21.7,23.3,2,2,5:15 AM,5:51 PM,12:42 PM,12:37 AM,Waxing Gibbous,55,2024,5,Spring
,Croatia,Zagreb,45.8,16,1715849100,16,60.8,Partly cloudy,9.4,15.1,70,ENE,1012,29.88,0,0,82,75,16,60.8,10,6,3,13.9,22.3,227,29.7,8.8,1.6,6.6,7.7,1,1,5:23 AM,8:22 PM,1:06 PM,2:38 AM,Waxing Gibbous,55,2024,5,Spring
,Cuba,Havana,23.13,-82.36,1715849100,26,78.8,Clear,4.3,6.8,190,S,1012,29.88,0,0,84,0,28.7,83.7,9,5,1,12.9,20.8,317.1,32.9,5.9,15.1,4.7,18.4,1,1,6:47 AM,8:04 PM,2:24 PM,2:44 AM,Waxing Gibbous,55,2024,5,Spring
,Cyprus,Nicosia,35.17,33.37,1715849100,25,77,Partly cloudy,5.6,9,330,NNW,1018,30.06,0,0,39,25,25.1,77.3,10,6,7,10.1,16.2,195.3,118.7,0.4,1.5,7.7,13.5,1,1,5:42 AM,7:45 PM,1:11 PM,2:08 AM,Waxing Gibbous,55,2024,5,Spring
,Czech Republic,Prague,50.08,14.47,1715849100,18,64.4,Sunny,19.2,31,110,ESE,1011,29.85,0,0,49,0,18,64.4,10,6,4,23.4,37.7,205.3,80.8,2.9,2,3.4,3.9,1,1,5:14 AM,8:44 PM,1:04 PM,2:55 AM,Waxing Gibbous,55,2024,5,Spring
,Democratic Republic of Congo,Kinshasa,-4.3,15.3,1715849100,29.4,85,Sunny,2.5,4,50,NE,1012,29.89,0,0,67,15,33.2,91.8,10,6,8,2.8,4.6,694.3,5.2,11.8,2.6,17.3,72.7,2,2,5:58 AM,5:53 PM,1:05 PM,12:34 AM,Waxing Gibbous,55,2024,5,Spring
,Denmark,Copenhagen,55.67,12.58,1715849100,16,60.8,Sunny,19.2,31,100,E,1017,30.03,0,0,55,0,16,60.8,10,6,4,28.7,46.2,230.3,85.1,4.8,4.2,5.8,6.9,1,1,4:56 AM,9:17 PM,12:58 PM,3:19 AM,Waxing Gibbous,55,2024,5,Spring
,Djibouti,Djibouti,11.6,43.15,1715849100,31.8,89.3,Sunny,8.1,13,73,ENE,1010,29.83,0,0,68,6,39.2,102.5,10,6,8,9.3,14.9,267,65.1,2,3.6,9.5,25.1,1,1,5:44 AM,6:24 PM,12:56 PM,12:57 AM,Waxing Gibbous,55,2024,5,Spring
,Dominica,Roseau,15.3,-61.4,1715849100,27.2,81,Patchy rain nearby,7.8,12.6,71,ENE,1013,29.91,0.03,0,78,70,30.4,86.7,10,6,1,10.6,17,203.6,19.5,0.5,0.2,0.9,2.7,1,1,5:37 AM,6:28 PM,1:04 PM,1:10 AM,Waxing Gibbous,55,2024,5,Spring
,Dominican Republic,Santo Domingo,18.47,-69.9,1715849100,23,73.4,Partly cloudy,8.1,13,70,ENE,1014,29.94,0,0,94,50,25.3,77.6,10,6,1,12.5,20.2,387.2,0.5,14.4,4.5,7,12.6,1,1,6:05 AM,7:07 PM,1:37 PM,1:48 AM,Waxing Gibbous,55,2024,5,Spring
,Ecuador,Quito,-0.22,-78.5,1715849100,11.9,53.3,Patchy rain nearby,2.7,4.3,144,SE,1016,30,0.03,0,92,76,12.1,53.7,10,6,1,3.8,6.2,2403.3,0,72.7,52,26.3,28.9,2,3,6:07 AM,6:13 PM,1:27 PM,1:05 AM,Waxing Gibbous,55,2024,5,Spring
,Egypt,Cairo,30.05,31.25,1715849100,27,80.6,Sunny,9.4,15.1,30,NNE,1019,30.09,0,0,32,0,25.7,78.2,10,6,7,12.3,19.9,217,127.3,6.9,13.4,11.7,33.3,1,1,6:01 AM,7:43 PM,1:26 PM,2:09 AM,Waxing Gibbous,55,2024,5,Spring
,El Salvador,San Salvador,13.71,-89.2,1715849100,26,78.8,Moderate or heavy rain with thunder,2.2,3.6,182,S,1010,29.81,0.3,0.01,94,50,30.2,86.4,10,6,1,2.8,4.6,460.6,5.9,7.7,7.5,20.4,28.1,2,2,5:30 AM,6:16 PM,1:00 PM,1:02 AM,Waxing Gibbous,55,2024,5,Spring
,Equatorial Guinea,Malabo,3.75,8.78,1715849100,30,86,Partly cloudy,3.8,6.1,110,ESE,1012,29.88,0.2,0.01,89,50,35.7,96.2,10,6,6,8.3,13.3,320.4,25.4,0.6,0.6,2.1,3,1,1,6:12 AM,6:30 PM,1:25 PM,1:10 AM,Waxing Gibbous,55,2024,5,Spring
,Eritrea,Asmara,15.33,38.93,1715849100,22.6,72.7,Patchy rain nearby,2.9,4.7,24,NNE,1015,29.97,0.15,0.01,42,80,24.3,75.8,10,6,5,4.7,7.6,250.3,52.2,0.1,0.5,13.9,54,1,2,5:55 AM,6:46 PM,1:10 PM,1:19 AM,Waxing Gibbous,55,2024,5,Spring
,Estonia,Tallinn,59.43,24.73,1715849100,19,66.2,Sunny,13.6,22,300,WNW,1024,30.24,0,0,43,0,19,66.2,10,6,4,20.3,32.7,217,88.7,4.6,1.7,7.3,7.6,1,1,4:44 AM,9:52 PM,12:54 PM,3:45 AM,Waxing Gibbous,55,2024,5,Spring
,Swaziland,Mbabane,-26.32,31.13,1715849100,22.2,72,Sunny,3.8,6.1,127,SE,1025,30.26,0,0,39,2,24,75.3,10,6,7,4.4,7.1,297.1,44,1.1,2.1,22,29.2,2,2,6:27 AM,5:16 PM,1:21 PM,12:03 AM,Waxing Gibbous,55,2024,5,Spring
,Ethiopia,Addis Ababa,9.03,38.7,1715849100,22.3,72.1,Patchy rain nearby,6.7,10.8,126,SE,1016,30,0.05,0,48,72,24.4,76,10,6,5,7.8,12.6,250.3,56.5,0.1,0.4,12,66.2,1,2,6:05 AM,6:38 PM,1:17 PM,1:13 AM,Waxing Gibbous,55,2024,5,Spring
,Fiji Islands,Suva,-18.13,178.42,1715849100,26,78.8,Light rain,9.4,15.1,100,E,1012,29.88,0,0,89,75,29.5,85.1,10,6,1,13.9,22.3,213.6,14,2.1,1.7,2.6,3.4,1,1,6:25 AM,5:41 PM,1:09 PM,12:04 AM,Waxing Gibbous,55,2024,5,Spring
,Finland,Helsinki,60.18,24.93,1715849100,22,71.6,Sunny,15,24.1,280,W,1022,30.18,0,0,33,0,24.2,75.6,10,6,5,22.5,36.2,208.6,89.4,2.1,1.3,5.5,6.8,1,1,4:38 AM,9:57 PM,12:50 PM,3:47 AM,Waxing Gibbous,55,2024,5,Spring
,France,Paris,48.87,2.33,1715849100,15,59,Partly cloudy,10.5,16.9,240,WSW,1006,29.71,0.01,0,72,50,14.8,58.6,10,6,4,15,24.1,397.2,11.8,20.7,3.6,9.8,13.6,1,1,6:07 AM,9:28 PM,1:57 PM,3:41 AM,Waxing Gibbous,55,2024,5,Spring
,Gabon,Libreville,0.38,9.45,1715849100,29,84.2,Partly cloudy,9.4,15.1,170,S,1012,29.88,0,0,75,25,34.6,94.2,10,6,7,13.9,22.3,1094.8,5.3,15.6,16.5,41,49.2,3,4,6:14 AM,6:22 PM,1:25 PM,1:04 AM,Waxing Gibbous,55,2024,5,Spring
,Gambia,Banjul,13.45,-16.58,1715849100,23,73.4,Sunny,10.5,16.9,290,WNW,1012,29.88,0,0,83,0,25.1,77.2,10,6,6,11.9,19.2,195.3,65.1,0.9,1.9,12.9,59.6,1,2,6:40 AM,7:26 PM,2:01 PM,2:04 AM,Waxing Gibbous,55,2024,5,Spring
,Georgia,Tbilisi,41.73,44.79,1715849100,16,60.8,Overcast,5.6,9,140,SE,1020,30.12,0.02,0,68,100,16,60.8,10,6,3,10.1,16.2,208.6,65.1,1.7,0.5,2,2.4,1,1,5:40 AM,8:15 PM,1:13 PM,2:33 AM,Waxing Gibbous,55,2024,5,Spring
,Germany,Berlin,52.52,13.4,1715849100,22,71.6,Sunny,20.6,33.1,120,ESE,1011,29.85,0,0,38,0,23.9,75.1,10,6,6,25.1,40.3,223.6,86.6,4,5,6.6,7.5,1,1,5:08 AM,8:58 PM,1:03 PM,3:06 AM,Waxing Gibbous,55,2024,5,Spring
,Ghana,Accra,5.55,-0.22,1715849100,29,84.2,Partly cloudy,5.6,9,280,W,1012,29.88,0,0,84,25,34.5,94.1,10,6,7,11.3,18.2,407.2,11.4,4.5,3.1,19.2,32,2,2,5:46 AM,6:09 PM,1:00 PM,12:49 AM,Waxing Gibbous,55,2024,5,Spring
,Greece,Athens,37.98,23.72,1715849100,23,73.4,Partly cloudy,2.2,3.6,221,SW,1020,30.12,0,0,38,25,24.6,76.2,10,6,6,4.6,7.5,230.3,105.9,12.5,18.1,8.7,10.2,1,1,6:14 AM,8:30 PM,1:47 PM,2:52 AM,Waxing Gibbous,55,2024,5,Spring
,Grenada,Saint George's,12.05,-61.75,1715849100,28,82.4,Partly cloudy,13.6,22,110,ESE,1011,29.85,0.06,0,79,25,32.6,90.6,10,6,1,18.1,29.2,243.7,20.2,0.8,0.7,2.4,12,1,1,5:43 AM,6:24 PM,1:08 PM,1:08 AM,Waxing Gibbous,55,2024,5,Spring
,Guatemala,Guatemala City,14.62,-90.53,1715849100,20,68,Mist,13.6,22,190,S,1019,30.09,0.09,0,88,100,20,68,5,3,1,18.1,29.2,2243,0.4,35,19.3,132,178.1,4,10,5:34 AM,6:23 PM,1:05 PM,1:09 AM,Waxing Gibbous,55,2024,5,Spring
,Guinea,Conakry,9.51,-13.71,1715849100,26,78.8,Overcast,2.2,3.6,342,NNW,1012,29.88,0.01,0,94,100,29,84.2,10,6,6,12.3,19.8,774.4,14.7,8.1,2.9,16.7,28,2,2,6:34 AM,7:08 PM,1:52 PM,1:49 AM,Waxing Gibbous,55,2024,5,Spring
,Guinea-Bissau,Bissau,11.85,-15.58,1715849100,24,75.2,Partly cloudy,3.8,6.1,10,N,1013,29.91,0,0,89,75,25.7,78.3,8,4,7,7.2,11.6,176.9,50.1,0.4,0.2,15.8,55.6,2,2,6:38 AM,7:19 PM,1:58 PM,1:59 AM,Waxing Gibbous,55,2024,5,Spring
,Guyana,Georgetown,6.8,-58.17,1715849100,24,75.2,Partly cloudy,2.2,3.6,94,E,1011,29.85,0.08,0,100,50,26.4,79.6,8,4,1,6.6,10.5,210.3,20.6,2.9,2.9,1.1,1.6,1,1,5:36 AM,6:02 PM,12:58 PM,12:48 AM,Waxing Gibbous,55,2024,5,Spring
,Haiti,Port-Au-Prince,18.54,-72.34,1715849100,21,69.8,Clear,2.5,4,133,SE,1014,29.93,0,0,88,18,21,69.8,10,6,1,5,8.1,674.3,65.1,9.9,7.2,10.7,20.7,1,1,6:15 AM,7:17 PM,1:47 PM,1:58 AM,Waxing Gibbous,55,2024,5,Spring
,Vatican City,Vatican City,41.9,12.45,1715849100,24,75.2,Sunny,2.2,3.6,178,S,1006,29.71,0,0,57,0,25.1,77.2,10,6,7,8.7,14.1,574.1,62.2,26.1,2.4,41.8,47,3,4,5:49 AM,8:25 PM,1:28 PM,2:45 AM,Waxing Gibbous,55,2024,5,Spring
,Honduras,Tegucigalpa,14.1,-87.22,1715849100,23,73.4,Partly cloudy,3.8,6.1,240,WSW,1017,30.03,0.28,0.01,78,37,25.3,77.5,10,6,1,7,11.2,377.2,23.3,3.7,1.4,19,25.3,2,2,5:22 AM,6:09 PM,12:52 PM,12:55 AM,Waxing Gibbous,55,2024,5,Spring
,Hungary,Budapest,47.5,19.08,1715849100,20,68,Partly cloudy,18.6,29.9,120,ESE,1017,30.03,0,0,43,75,20,68,10,6,4,23,37.1,212,74.4,3.4,2.6,5.4,6.4,1,1,5:05 AM,8:16 PM,12:50 PM,2:29 AM,Waxing Gibbous,55,2024,5,Spring
,Iceland,Grindavik,63.83,-22.43,1715849100,7,44.6,Partly cloudy,9.4,15.1,150,SSE,1013,29.91,0.29,0.01,93,75,6.9,44.5,10,6,2,13.9,22.3,200.3,80.8,0.6,0.3,0.5,0.5,1,1,4:14 AM,10:41 PM,12:55 PM,4:14 AM,Waxing Gibbous,55,2024,5,Spring
,India,New Delhi,28.6,77.2,1715849100,42,107.6,Mist,6.9,11.2,330,NNW,1008,29.77,0,0,13,0,43,109.3,4,2,10,11.4,18.4,307.1,144.5,3,6.1,25.4,64,2,3,5:30 AM,7:06 PM,12:47 PM,1:30 AM,Waxing Gibbous,55,2024,5,Spring
,Indonesia,Jakarta,-6.21,106.85,1715849100,32,89.6,Partly cloudy,15,24.1,60,ENE,1007,29.74,0.02,0,63,50,38.2,100.8,8,4,8,19.5,31.3,3471.4,303.3,52.1,40.1,196.1,224,5,10,5:54 AM,5:44 PM,12:50 PM,12:15 AM,Waxing Gibbous,55,2024,5,Spring
,Iran,Tehran,35.73,51.33,1715849100,24,75.2,Partly cloudy,11.9,19.1,320,NW,1018,30.06,0,0,25,25,23.2,73.7,10,6,6,14.4,23.2,1041.4,46.5,145.3,101.1,34.4,48.5,2,3,4:59 AM,7:04 PM,12:25 PM,1:26 AM,Waxing Gibbous,55,2024,5,Spring
,Iraq,Baghdad,33.34,44.39,1715849100,33,91.4,Partly cloudy,13.6,22,10,N,1012,29.89,0,0,17,50,30.9,87.5,10,6,8,17,27.3,403.9,161.7,25,34.8,13.5,37.1,1,2,5:02 AM,6:57 PM,12:27 PM,1:20 AM,Waxing Gibbous,55,2024,5,Spring
,Ireland,Dublin,53.33,-6.25,1715849100,14,57.2,Mist,4.3,6.8,30,NNE,1007,29.74,0,0,94,75,13.3,56,5,3,5,7.7,12.4,243.7,11.1,14.1,11.2,8.4,9.8,1,1,5:23 AM,9:21 PM,1:23 PM,3:27 AM,Waxing Gibbous,55,2024,5,Spring
,Israel,Jerusalem,31.78,35.23,1715849100,25,77,Partly cloudy,8.1,13,290,WNW,1018,30.06,0,0,54,25,25,77,10,6,6,9.8,15.7,186.9,134.5,1.6,1.3,5,9.4,1,1,5:42 AM,7:30 PM,1:07 PM,1:55 AM,Waxing Gibbous,55,2024,5,Spring
,Italy,Rome,41.9,12.48,1715849100,24,75.2,Sunny,2.2,3.6,178,S,1006,29.71,0,0,57,0,25.1,77.2,10,6,7,8.7,14.1,574.1,62.2,26.1,2.4,41.8,47,3,4,5:49 AM,8:25 PM,1:28 PM,2:45 AM,Waxing Gibbous,55,2024,5,Spring
,Jamaica,Norman Gardens,17.97,-76.75,1715849100,21.9,71.4,Patchy rain nearby,2.2,3.6,62,ENE,1013,29.92,0.1,0,84,84,21.9,71.4,10,6,1,2.8,4.4,707.6,0.2,12.2,12.3,10.1,20.8,1,1,5:34 AM,6:33 PM,1:05 PM,1:16 AM,Waxing Gibbous,55,2024,5,Spring
,Japan,Tokyo,35.69,139.69,1715849100,24,75.2,Partly cloudy,20.6,33.1,200,SSW,1001,29.56,0,0,47,25,25.3,77.6,10,6,6,32.5,52.2,317.1,100.1,31.2,17.9,15.8,18.4,2,2,4:35 AM,6:40 PM,11:48 AM,12:56 AM,Waxing Gibbous,55,2024,5,Spring
,Jordan,Amman,31.95,35.93,1715849100,23,73.4,Mist,9.4,15.1,290,WNW,1020,30.12,0,0,29,0,23.4,74.1,5,3,6,11.1,17.8,180.2,120.2,1.9,3.5,4.5,9.1,1,1,5:39 AM,7:28 PM,1:04 PM,1:53 AM,Waxing Gibbous,55,2024,5,Spring
,Kazakhstan,Astana,51.18,71.43,1715849100,16,60.8,Sunny,13.6,22,90,E,1022,30.18,0,0,34,0,16,60.8,10,6,5,18.1,29.2,213.6,77.3,3.3,14.3,1.9,2.1,1,1,4:22 AM,8:00 PM,12:02 PM,2:08 AM,Waxing Gibbous,55,2024,5,Spring
,Kenya,Nairobi,-1.28,36.82,1715849100,23,73.4,Partly cloudy,2.2,3.6,10,N,1025,30.27,0.06,0,61,75,25,76.9,10,6,6,3.6,5.9,1682.3,160.2,4.4,15.5,58,101.9,3,7,6:27 AM,6:31 PM,1:34 PM,1:09 AM,Waxing Gibbous,55,2024,5,Spring
,Kiribati,Tarawa,-0.88,169.53,1715849100,28.8,83.9,Cloudy,12.3,19.8,50,NE,1008,29.78,0,0,75,66,33.3,92,10,6,1,16.6,26.7,217,8.8,0,0.1,2.5,8.4,1,1,6:36 AM,6:40 PM,1:27 PM,1:03 AM,Waxing Gibbous,55,2024,5,Spring
,Kuwait,Kuwait City,29.37,47.96,1715849100,30.4,86.7,Partly cloudy,17.4,28.1,40,NE,1008,29.75,0,0,44,50,32.6,90.8,13,8,8,21.9,35.3,547.4,78.7,76.1,18.6,31.9,91.4,2,3,4:55 AM,6:34 PM,12:17 PM,1:00 AM,Waxing Gibbous,55,2024,5,Spring
,Kyrghyzstan,Bishkek,42.87,74.6,1715849100,22.5,72.4,Patchy rain nearby,8.1,13,311,NW,1018,30.07,0.05,0,59,79,24.7,76.5,10,6,5,9.3,14.9,203.6,95.8,0.5,0.5,3.1,6,1,1,5:38 AM,8:19 PM,1:07 PM,2:34 AM,Waxing Gibbous,55,2024,5,Spring
,Indonesia,Laos,-8.18,114.32,1715849100,28,82.4,Patchy rain nearby,5.6,9,149,SSE,1010,29.82,0.03,0,74,80,31.4,88.6,10,6,7,6.4,10.4,397.2,75.1,2.2,2,10,14.6,1,1,5:27 AM,5:11 PM,12:21 PM,No moonset,Waxing Gibbous,55,2024,5,Spring
,Latvia,Riga,56.95,24.1,1715849100,17,62.6,Sunny,5.6,9,230,SW,1026,30.3,0,0,48,0,17,62.6,10,6,5,7.2,11.6,260.4,98.7,4.7,2.5,6.7,8.1,1,1,5:03 AM,9:39 PM,1:05 PM,3:37 AM,Waxing Gibbous,55,2024,5,Spring
,Lebanon,Beirut,33.87,35.51,1715849100,22,71.6,Partly cloudy,5.6,9,250,WSW,1020,30.12,0,0,65,25,24.5,76.1,10,6,6,7.5,12,198.6,115.9,0.9,3.6,5.8,13.7,1,1,5:36 AM,7:34 PM,1:03 PM,1:57 AM,Waxing Gibbous,55,2024,5,Spring
,Lesotho,Maseru,-29.32,27.48,1715849100,18,64.4,Sunny,2.2,3.6,10,N,1029,30.39,0,0,52,0,18,64.4,10,6,7,3.6,5.8,487.3,40.8,4.5,2.4,29.8,46.6,2,3,6:47 AM,5:25 PM,1:39 PM,12:14 AM,Waxing Gibbous,55,2024,5,Spring
,Liberia,Monrovia,6.31,-10.8,1715849100,26,78.8,Partly cloudy,2.2,3.6,10,N,1012,29.88,0,0,94,75,29.1,84.4,10,6,7,5.7,9.2,300.4,30,0.7,0.1,1.7,4.1,1,1,6:27 AM,6:52 PM,1:43 PM,1:33 AM,Waxing Gibbous,55,2024,5,Spring
,Thailand,Nan,18.78,100.78,1715849100,33,91.4,Patchy light rain with thunder,6.9,11.2,340,NNW,1007,29.74,0,0,63,75,34.9,94.7,10,6,9,7.5,12,487.3,27.2,0.7,0.2,2.8,3,1,1,5:43 AM,6:44 PM,12:50 PM,1:10 AM,Waxing Gibbous,55,2024,5,Spring
,Liechtenstein,Vaduz,47.13,9.52,1715849100,15,59,Partly cloudy,5.6,9,20,NNE,1006,29.71,0,0,72,25,15.8,60.4,10,6,4,10.1,16.2,203.6,20.7,10,1.3,4.9,6.3,1,1,5:45 AM,8:53 PM,1:31 PM,3:08 AM,Waxing Gibbous,55,2024,5,Spring
,Lithuania,Vilnius,54.68,25.32,1715849100,17,62.6,Sunny,8.1,13,160,SSE,1027,30.33,0,0,39,0,17,62.6,10,6,5,12.5,20.2,208.6,89.4,1.4,1.5,1.6,2.2,1,1,5:11 AM,9:21 PM,1:07 PM,3:24 AM,Waxing Gibbous,55,2024,5,Spring
,Luxembourg,Luxembourg,49.61,6.13,1715849100,14,57.2,Partly cloudy,10.5,16.9,220,SW,1005,29.68,0.31,0.01,88,75,13.1,55.6,10,6,3,15,24.1,188.6,16.5,17.8,0.4,2.1,2.4,1,1,5:49 AM,9:16 PM,1:40 PM,3:27 AM,Waxing Gibbous,55,2024,5,Spring
,Madagascar,Antananarivo,-18.92,47.52,1715849100,22,71.6,Partly cloudy,16.1,25.9,120,ESE,1024,30.24,0,0,53,50,24.5,76.2,10,6,6,20.6,33.1,327.1,49.4,0.8,1.2,2.6,5.8,1,1,6:10 AM,5:23 PM,1:06 PM,12:05 AM,Waxing Gibbous,55,2024,5,Spring
,Malawi,Lilongwe,-13.98,33.78,1715849100,21,69.8,Partly cloudy,8.1,13,180,S,1025,30.27,0,0,64,75,21,69.8,10,6,7,8.5,13.7,243.7,39.7,0.4,0.6,1.1,2.8,1,1,5:58 AM,5:25 PM,12:57 PM,12:07 AM,Waxing Gibbous,55,2024,5,Spring
,Malaysia,Kuala Lumpur,3.17,101.7,1715849100,29,84.2,Partly cloudy,6.9,11.2,20,NNE,1008,29.77,1.86,0.07,84,25,35.7,96.3,10,6,6,9.6,15.5,2456.7,5.4,133,43.4,40.5,46.6,3,4,7:02 AM,7:18 PM,2:02 PM,1:47 AM,Waxing Gibbous,55,2024,5,Spring
,Maldives,Felidhoo,3.48,73.53,1715849100,29.5,85.1,Patchy rain nearby,13.4,21.6,289,WNW,1009,29.79,0.04,0,76,89,35.1,95.3,10,6,6,18.6,30,233.7,26.1,0,0.1,1,3.7,1,1,5:54 AM,6:11 PM,12:58 PM,12:43 AM,Waxing Gibbous,55,2024,5,Spring
,Mali,Bamako,12.65,-8,1715849100,27,80.6,Sunny,4.3,6.8,170,S,1014,29.94,0,0,74,0,28.5,83.2,10,6,7,6.2,10,387.2,11.4,1.1,1.2,2.8,5.1,1,1,6:07 AM,6:50 PM,1:26 PM,1:29 AM,Waxing Gibbous,55,2024,5,Spring
,Malta,Valletta,35.9,14.51,1715849100,28,82.4,Sunny,9.4,15.1,230,SW,1005,29.68,0,0,45,0,32.1,89.7,10,6,6,20.6,33.1,247,86.6,5.1,1.6,29.8,72.3,2,3,5:56 AM,8:02 PM,1:28 PM,2:26 AM,Waxing Gibbous,55,2024,5,Spring
,Marshall Islands,Majuro,7.1,171.38,1715849100,29,84.2,Partly cloudy,6.9,11.2,60,ENE,1010,29.81,0.27,0.01,79,75,35,95.1,24,14,1,26.6,42.8,180.2,25.4,0,0.1,1.3,3.7,1,1,6:17 AM,6:44 PM,1:11 PM,1:05 AM,Waxing Gibbous,55,2024,5,Spring
,Mauritania,Nouakchott,18.09,-15.98,1715849100,19.5,67,Sunny,11,17.6,336,NNW,1012,29.89,0,0,79,0,19.5,67,10,6,5,18.6,30,207,75.1,0.5,0.6,33.3,174.2,2,3,6:30 AM,7:31 PM,1:54 PM,2:07 AM,Waxing Gibbous,55,2024,5,Spring
,Mauritius,Port Louis,-20.16,57.5,1715849100,24,75.2,Overcast,16.1,25.9,140,SE,1020,30.12,0.14,0.01,83,75,25.7,78.2,8,4,6,24.4,39.3,223.6,45.4,1.2,1.4,2,5.4,1,1,6:32 AM,5:41 PM,1:27 PM,12:22 AM,Waxing Gibbous,55,2024,5,Spring
,Mexico,Mexico City,19.43,-99.13,1715849100,20.8,69.4,Clear,6.7,10.8,212,SSW,1013,29.92,0,0,47,5,20.8,69.4,10,6,1,7.7,12.4,974.7,7.4,48.7,16.9,35.1,48,2,3,6:01 AM,7:05 PM,1:37 PM,1:49 AM,Waxing Gibbous,55,2024,5,Spring
,Micronesia,Palikir,6.92,158.15,1715849100,27,80.6,Overcast,2.2,3.6,10,N,1010,29.83,0.7,0.03,89,100,30.4,86.8,24,14,1,13.6,21.9,180.2,23.3,0,0,0.6,1.6,1,1,6:10 AM,6:37 PM,1:06 PM,12:59 AM,Waxing Gibbous,55,2024,5,Spring
,Iran,Chi Chi Khvar,36.26,46.59,1715849100,15.9,60.6,Thundery outbreaks in nearby,14.5,23.4,238,WSW,1016,29.99,0,0,34,44,15.9,60.6,9,5,4,23,37,176.9,111.6,0.3,0.4,4.8,18.2,1,1,5:17 AM,7:24 PM,12:44 PM,1:46 AM,Waxing Gibbous,55,2024,5,Spring
,Monaco,Monaco,43.73,7.42,1715849100,16,60.8,Partly cloudy,12.5,20.2,350,N,1006,29.71,0.37,0.01,82,50,16,60.8,10,6,4,17,27.4,213.6,88.7,4,1.3,3.7,4.3,1,1,6:04 AM,8:50 PM,1:46 PM,3:09 AM,Waxing Gibbous,55,2024,5,Spring
,Mongolia,Ulaanbaatar,47.92,106.92,1715849100,27,80.6,Sunny,13.6,22,280,W,1007,29.74,0,0,17,0,26.6,79.8,10,6,5,18.1,29.2,347.1,57.9,14.9,23.4,12.6,23,1,2,5:13 AM,8:25 PM,12:41 PM,2:35 AM,Waxing Gibbous,55,2024,5,Spring
,Montenegro,Podgorica,42.44,19.26,1715849100,16,60.8,Partly cloudy,2.2,3.6,203,SSW,1014,29.94,0.34,0.01,88,75,16,60.8,10,6,5,4.1,6.6,185.3,101.6,0.2,0.3,1.3,2.9,1,1,5:20 AM,7:59 PM,12:58 PM,2:18 AM,Waxing Gibbous,55,2024,5,Spring
,Morocco,Rabat,34.03,-6.84,1715849100,18,64.4,Partly cloudy,5.6,9,20,NNE,1014,29.94,0,0,60,75,18,64.4,6,3,5,5.7,9.2,190.3,105.9,0.5,0.9,1.8,7.8,1,1,6:25 AM,8:23 PM,1:59 PM,2:50 AM,Waxing Gibbous,55,2024,5,Spring
,Mozambique,Maputo,-25.97,32.59,1715849100,24,75.2,Partly cloudy,5.6,9,360,N,1024,30.24,0,0,65,25,25.5,78,10,6,7,10.1,16.2,260.4,34.3,0.5,0.3,3.6,25.4,1,1,6:21 AM,5:11 PM,1:14 PM,No moonset,Waxing Gibbous,55,2024,5,Spring
,Myanmar,Pathein,16.78,94.73,1715849100,37.5,99.5,Sunny,15,24.1,307,NW,1005,29.68,0,0,36,13,41.4,106.5,10,6,9,17.4,28,230.3,20.6,0.1,0,1.7,2.7,1,1,5:40 AM,6:35 PM,12:48 PM,1:02 AM,Waxing Gibbous,55,2024,5,Spring
,Namibia,Windhoek,-22.57,17.08,1715849100,20,68,Sunny,6.9,11.2,90,E,1033,30.5,0,0,40,0,20,68,10,6,7,22.6,36.4,212,42.6,0.1,0.5,2.1,5.5,1,1,7:18 AM,6:18 PM,2:14 PM,1:06 AM,Waxing Gibbous,55,2024,5,Spring
,Turkey,Yaren,39.55,27.62,1715849100,18,64.4,Sunny,2.2,3.6,9,N,1020,30.12,0,0,56,0,18,64.4,10,6,5,8.4,13.5,210.3,87.3,0.9,2,8.4,9.8,1,1,5:54 AM,8:18 PM,1:28 PM,2:39 AM,Waxing Gibbous,55,2024,5,Spring
,Nepal,Kathmandu,27.72,85.32,1715849100,29,84.2,Light rain,11.9,19.1,200,SSW,1017,30.03,0,0,48,50,27.7,81.8,8,4,8,16.3,26.3,327.1,120.2,0.6,1.9,22.3,30.9,2,2,5:14 AM,6:46 PM,12:29 PM,1:10 AM,Waxing Gibbous,55,2024,5,Spring
,Netherlands,Amsterdam,52.37,4.89,1715849100,16,60.8,Partly cloudy,4.3,6.8,30,NNE,1003,29.62,0.71,0.03,94,75,16,60.8,7,4,4,7.8,12.5,280.4,4.1,33.2,3.3,15.3,16.7,1,2,5:43 AM,9:32 PM,1:39 PM,3:40 AM,Waxing Gibbous,55,2024,5,Spring
,New Zealand,Wellington,-41.3,174.78,1715849100,13,55.4,Partly cloudy,23,37.1,180,S,1019,30.09,0.01,0,77,75,10.3,50.6,10,6,1,27.1,43.6,227,41.8,0.9,0.4,0.5,0.9,1,1,7:24 AM,5:11 PM,1:57 PM,No moonset,Waxing Gibbous,55,2024,5,Spring
,Nicaragua,Managua,12.15,-86.27,1715849100,27.2,80.9,Patchy rain nearby,3.6,5.8,120,ESE,1009,29.8,0.01,0,80,75,30.6,87,10,6,1,4.5,7.2,500.7,14.3,6.5,11.4,11.7,14.7,1,1,5:21 AM,6:02 PM,12:49 PM,12:49 AM,Waxing Gibbous,55,2024,5,Spring
,Niger,Niamey,13.52,2.12,1715849100,33,91.4,Sunny,12.5,20.2,270,W,1011,29.85,0,0,36,0,33.7,92.6,10,6,8,17,27.4,383.9,27.9,0.9,0.5,10.3,33.6,1,1,6:25 AM,7:11 PM,1:44 PM,1:48 AM,Waxing Gibbous,55,2024,5,Spring
,Nigeria,Abuja,9.18,7.18,1715849100,29.2,84.5,Partly Cloudy,4.5,7.2,203,SSW,1012,29.88,0,0,67,32,32.8,91,10,6,7,5.1,8.3,540.7,20.2,1.2,0.3,12.6,17.9,1,2,6:11 AM,6:44 PM,1:27 PM,1:22 AM,Waxing Gibbous,55,2024,5,Spring
,North Korea,Pyongyang,39.02,125.75,1715849100,19,66.3,Sunny,11.4,18.4,292,WNW,1007,29.74,0,0,27,4,19,66.3,10,6,5,13.6,21.9,230.3,105.9,1.2,2.6,6.5,8.6,1,1,5:24 AM,7:44 PM,12:40 PM,1:59 AM,Waxing Gibbous,55,2024,5,Spring
,Macedonia,Skopje,42,21.43,1715849100,13,55.4,Moderate rain,2.2,3.6,109,ESE,1020,30.12,0.1,0,88,100,11.8,53.2,9,5,3,9.5,15.3,208.6,63.7,5.1,11.9,7.6,8.3,1,1,5:13 AM,7:50 PM,12:50 PM,2:08 AM,Waxing Gibbous,55,2024,5,Spring
,Norway,Oslo,59.92,10.75,1715849100,18,64.4,Sunny,8.1,13,190,S,1021,30.15,0,0,49,0,18,64.4,10,6,5,8.7,14,270.4,52.9,32.9,37.2,11.5,14.2,1,1,4:36 AM,9:52 PM,12:51 PM,3:43 AM,Waxing Gibbous,55,2024,5,Spring
,Oman,Muscat,23.61,58.59,1715849100,33,91.4,Sunny,11.9,19.1,50,NE,1009,29.8,0,0,56,0,36.4,97.4,10,6,8,16.3,26.3,303.8,173.1,2.1,7.1,46.6,90.4,3,5,5:23 AM,6:41 PM,12:40 PM,1:09 AM,Waxing Gibbous,55,2024,5,Spring
,Pakistan,Islamabad,33.7,73.17,1715849100,38.2,100.8,Sunny,7.4,11.9,264,W,1008,29.78,0,0,15,2,37.4,99.2,10,6,9,8.5,13.7,303.8,163.1,3.4,1.4,15.5,31,2,2,5:06 AM,7:02 PM,12:27 PM,1:24 AM,Waxing Gibbous,55,2024,5,Spring
,Palau,Meyungs,7.35,134.45,1715849100,31,87.8,Partly cloudy,6.9,11.2,60,ENE,1008,29.76,0.01,0,75,75,38.1,100.5,23,14,1,11,17.7,176.9,23.3,0.1,0.1,0.9,2.9,1,1,5:45 AM,6:12 PM,12:43 PM,12:37 AM,Waxing Gibbous,55,2024,5,Spring
,Bolivia,National,-11.18,-67.08,1715849100,17.4,63.4,Clear,2.2,3.6,146,SSE,1012,29.89,0,0,83,13,17.4,63.4,10,6,1,2.3,3.8,185.3,3.6,0.1,0,1.8,2,1,1,6:37 AM,6:12 PM,1:49 PM,1:07 AM,Waxing Gibbous,55,2024,5,Spring
,Panama,Panama City,8.97,-79.53,1715849100,26,78.8,Overcast,2.2,3.6,173,S,1010,29.83,0.06,0,94,100,29.6,85.2,10,6,1,8.3,13.3,397.2,11.6,8.7,6.6,2.9,3.9,1,1,5:58 AM,6:31 PM,1:24 PM,1:18 AM,Waxing Gibbous,55,2024,5,Spring
,Papua New Guinea,Port Moresby,-9.46,147.19,1715849100,26.2,79.1,Light rain shower,9.8,15.8,126,SE,1008,29.78,1.79,0.07,90,89,29.9,85.8,10,6,1,16.8,27,227,34,4.1,3.6,2.8,6.4,1,1,6:17 AM,5:58 PM,1:08 PM,12:24 AM,Waxing Gibbous,55,2024,5,Spring
,Paraguay,Pasto,-19.45,-61.15,1715849100,14.1,57.4,Clear,6.9,11.2,12,NNE,1010,29.82,0,0,79,10,13.4,56.1,10,6,1,13.2,21.2,217,8.8,0.2,0,3.6,3.8,1,1,6:25 AM,5:37 PM,1:31 PM,12:34 AM,Waxing Gibbous,55,2024,5,Spring
,Peru,Lima,-12.05,-77.05,1715849100,16.6,61.9,Partly Cloudy,7.4,11.9,163,SSE,1013,29.91,0,0,89,59,16.6,61.9,10,6,1,11.4,18.4,303.8,30,12.2,10.6,9.6,20.2,1,1,6:18 AM,5:51 PM,1:30 PM,12:47 AM,Waxing Gibbous,55,2024,5,Spring
,Philippines,Manila,14.6,120.98,1715849100,35,95,Partly cloudy,2.2,3.6,155,SSE,1007,29.74,0,0,56,50,41.3,106.3,10,6,8,6,9.6,734.3,128.8,10.5,16.7,32.2,47.2,2,3,5:28 AM,6:17 PM,12:31 PM,12:41 AM,Waxing Gibbous,55,2024,5,Spring
,Poland,Warsaw,52.25,21,1715849100,18,64.4,Sunny,19.2,31,120,ESE,1021,30.15,0,0,34,0,18,64.4,10,6,5,19.3,31.1,217,93,1.4,2.8,3,3.6,1,1,4:39 AM,8:27 PM,12:31 PM,2:34 AM,Waxing Gibbous,55,2024,5,Spring
,Portugal,Lisbon,38.72,-9.13,1715849100,16,60.8,Partly cloudy,6.9,11.2,340,NNW,1013,29.91,0.01,0,77,75,16,60.8,10,6,4,9.9,15.9,208.6,82.3,5.4,1.6,1.8,5.2,1,1,6:23 AM,8:43 PM,2:03 PM,3:07 AM,Waxing Gibbous,55,2024,5,Spring
,Qatar,Doha,25.29,51.53,1715849100,37,98.6,Sunny,11.9,19.1,120,ESE,1009,29.8,0,0,37,0,39.2,102.5,10,6,9,19.2,30.9,213.6,97.3,15.1,23.1,27.2,117.1,2,3,4:48 AM,6:12 PM,12:07 PM,12:39 AM,Waxing Gibbous,55,2024,5,Spring
,Romania,Bucharest,44.43,26.1,1715849100,18,64.4,Sunny,11.9,19.1,120,ESE,1023,30.21,0,0,26,0,18,64.4,10,6,5,13.9,22.4,223.6,93,1.6,1.8,3.9,4.7,1,1,5:47 AM,8:38 PM,1:27 PM,2:54 AM,Waxing Gibbous,55,2024,5,Spring
,Russia,Moscow,55.75,37.62,1715849100,18,64.4,Sunny,11.9,19.1,260,W,1023,30.21,0,0,42,0,18,64.4,10,6,4,16.3,26.3,243.7,103,18.5,16.5,4.4,5.7,1,1,4:15 AM,8:37 PM,12:12 PM,2:38 AM,Waxing Gibbous,55,2024,5,Spring
,Rwanda,Kigali,-1.95,30.06,1715849100,25,77,Partly cloudy,5.6,9,180,S,1023,30.21,0.79,0.03,61,50,27,80.5,10,6,6,10.1,16.2,287.1,30,0.5,0.8,4.2,6.3,1,1,5:55 AM,5:57 PM,1:02 PM,12:36 AM,Waxing Gibbous,55,2024,5,Spring
,Saint Kitts and Nevis,Basseterre,17.3,-62.72,1715849100,27,80.6,Clear,8.1,13,80,E,1013,29.91,0,0,79,0,30,85.9,10,6,1,19.6,31.5,208.6,26.5,0.3,0.1,1,4.1,1,1,5:39 AM,6:36 PM,1:08 PM,1:18 AM,Waxing Gibbous,55,2024,5,Spring
,Saint Lucia,Castries,14,-61,1715849100,28,82.4,Partly cloudy,12.5,20.2,80,E,1012,29.88,0.06,0,84,75,32.3,90.1,10,6,1,14.3,23,210.3,21.8,0.1,0.1,1.4,4.3,1,1,5:37 AM,6:24 PM,1:04 PM,1:07 AM,Waxing Gibbous,55,2024,5,Spring
,Saint Vincent and the Grenadines,Kingstown,13.13,-61.22,1715849100,28,82.4,Partly cloudy,12.5,20.2,80,E,1012,29.88,0.01,0,84,75,31.7,89,10,6,1,21.5,34.6,237,20.4,0.7,0.7,1.9,7.1,1,1,5:39 AM,6:24 PM,1:05 PM,1:07 AM,Waxing Gibbous,55,2024,5,Spring
,Samoa,Apia,-13.83,-171.73,1715849100,26,78.8,Partly cloudy,3.8,6.1,100,E,1011,29.85,0.79,0.03,94,50,28.5,83.3,10,6,1,21.4,34.5,213.6,25.4,0.5,0.4,1.1,2.3,1,1,6:39 AM,6:07 PM,1:24 PM,12:29 AM,Waxing Gibbous,55,2024,5,Spring
,San Marino,San Marino,43.93,12.45,1715849100,18,64.4,Overcast,2.2,3.6,4,N,1007,29.74,0.6,0.02,88,100,18,64.4,10,6,4,3.2,5.2,240.3,70.1,3.3,0.7,14.6,17.9,1,2,5:43 AM,8:31 PM,1:25 PM,2:49 AM,Waxing Gibbous,55,2024,5,Spring
,Belgium,'S Gravenstaffel,50.88,2.98,1715849100,14,57.2,Light rain,8.1,13,320,NW,1004,29.65,0.03,0,94,75,12.9,55.3,4,2,3,11.8,19,247,8.3,12,0.8,13.4,15.1,1,2,5:57 AM,9:33 PM,1:50 PM,3:43 AM,Waxing Gibbous,55,2024,5,Spring
,Saudi Arabia,Riyadh,24.64,46.77,1715849100,39,102.2,Sunny,9.4,15.1,190,S,1010,29.83,0,0,7,0,38.5,101.2,10,6,9,14.7,23.6,283.7,103,23.7,79.2,49.1,149.9,3,6,5:09 AM,6:30 PM,12:27 PM,12:58 AM,Waxing Gibbous,55,2024,5,Spring
,Senegal,Dakar,14.67,-17.44,1715849100,22,71.6,Partly cloudy,6.9,11.2,320,NW,1013,29.91,0,0,78,75,24.5,76.1,10,6,6,19.7,31.7,195.3,66.5,1,0.8,21.4,125.2,2,2,6:41 AM,7:31 PM,2:03 PM,2:09 AM,Waxing Gibbous,55,2024,5,Spring
,Serbia,Belgrade,44.8,20.47,1715849100,19,66.2,Sunny,25.5,41,120,ESE,1015,29.97,0,0,56,0,19,66.2,10,6,5,30,48.2,207,85.1,1.5,4.6,2.7,3.5,1,1,5:08 AM,8:01 PM,12:49 PM,2:18 AM,Waxing Gibbous,55,2024,5,Spring
,Seychelles Islands,Victoria,-4.62,55.45,1715849100,27,80.6,Light rain,12.5,20.2,340,NNW,1010,29.83,0.35,0.01,89,75,30.5,86.9,10,6,7,28.1,45.1,240.3,33.6,0.1,0.3,2,5.7,1,1,6:17 AM,6:11 PM,1:20 PM,12:49 AM,Waxing Gibbous,55,2024,5,Spring
,Sierra Leone,Freetown,8.49,-13.23,1715849100,27.4,81.3,Partly Cloudy,2.2,3.6,265,W,1012,29.89,0,0,79,36,30.9,87.7,10,6,7,2.4,3.9,410.6,3.6,1.9,0.3,8.2,12.1,1,1,6:34 AM,7:05 PM,1:51 PM,1:46 AM,Waxing Gibbous,55,2024,5,Spring
,Singapore,Singapore,1.29,103.86,1715849100,26,78.8,Partly cloudy,2.5,4,240,WSW,1009,29.8,1.75,0.07,89,75,28.4,83.1,10,6,6,12.6,20.3,654.2,16.3,52.8,42,8.9,11,1,1,6:56 AM,7:06 PM,1:55 PM,1:36 AM,Waxing Gibbous,55,2024,5,Spring
,Slovakia,Bratislava,48.15,17.12,1715849100,17,62.6,Partly cloudy,16.1,25.9,120,ESE,1015,29.97,0,0,55,25,17,62.6,10,6,4,22.9,36.9,205.3,74.4,2.8,2.7,4.7,5.5,1,1,5:11 AM,8:26 PM,12:57 PM,2:39 AM,Waxing Gibbous,55,2024,5,Spring
,Slovenia,Ljubljana,46.06,14.51,1715849100,16,60.8,Partly cloudy,10.5,16.9,110,ESE,1011,29.85,0.06,0,82,75,16,60.8,10,6,3,15,24.1,212,61.5,4.2,0.9,2.8,3.3,1,1,5:28 AM,8:29 PM,1:12 PM,2:45 AM,Waxing Gibbous,55,2024,5,Spring
,Solomon Islands,Honiara,-9.43,159.95,1715849100,26.9,80.5,Patchy rain nearby,9.8,15.8,119,ESE,1009,29.8,0.09,0,87,78,31,87.8,10,6,1,13.8,22.3,220.3,23.3,1,0.4,0.5,0.6,1,1,6:26 AM,6:07 PM,1:16 PM,12:31 AM,Waxing Gibbous,55,2024,5,Spring
,Somalia,Mogadishu,2.07,45.37,1715849100,30,86,Partly cloudy,13.6,22,220,SW,1012,29.88,0,0,89,25,35.5,95.9,10,6,7,21.2,34.1,257,32.2,0.1,0.1,2.7,6.2,1,1,5:49 AM,6:01 PM,12:55 PM,12:37 AM,Waxing Gibbous,55,2024,5,Spring
,South Africa,Pretoria,-25.75,28.19,1715849100,20,68,Sunny,3.8,6.1,290,WNW,1031,30.45,0,0,35,0,20,68,10,6,7,5.7,9.1,1134.9,53.6,49.4,92.5,78.1,108.3,4,10,6:38 AM,5:29 PM,1:32 PM,12:16 AM,Waxing Gibbous,55,2024,5,Spring
,South Korea,Seoul,37.57,127,1715849100,19,66.2,Sunny,9.4,15.1,250,WSW,1008,29.77,0,0,35,0,19,66.2,10,6,5,13.9,22.4,360.5,93,32.6,18.1,18.7,23.7,2,2,5:22 AM,7:36 PM,12:37 PM,1:51 AM,Waxing Gibbous,55,2024,5,Spring
,Sudan,Juba,12.15,24.45,1715849100,30.3,86.5,Sunny,20.6,33.1,53,NE,1014,29.95,0,0,10,6,28,82.5,10,6,8,23.7,38.1,170.2,95.8,0.2,0.3,38.7,223.3,2,4,5:58 AM,6:39 PM,1:13 PM,1:15 AM,Waxing Gibbous,55,2024,5,Spring
,Spain,Madrid,40.4,-3.68,1715849100,14,57.2,Sunny,11.9,19.1,260,W,1011,29.85,0,0,47,0,12.7,54.9,10,6,4,16.3,26.3,186.9,87.3,2.4,0.1,0.5,1.1,1,1,6:57 AM,9:26 PM,2:37 PM,3:48 AM,Waxing Gibbous,55,2024,5,Spring
,Sri Lanka,Colombo,6.93,79.85,1715849100,26,78.8,Moderate or heavy rain with thunder,3.8,6.1,20,NNE,1008,29.77,1.01,0.04,94,50,29.5,85.1,9,5,6,13.4,21.6,667.6,57.2,20.1,2.8,4,8.3,1,1,5:54 AM,6:20 PM,12:59 PM,12:51 AM,Waxing Gibbous,55,2024,5,Spring
,Sudan,Khartoum,15.59,32.53,1715849100,32.5,90.4,Sunny,15.7,25.2,19,NNE,1012,29.9,0,0,10,3,30.3,86.5,10,6,8,18,29,263.7,130.2,1.6,2.8,28,124.1,2,3,5:20 AM,6:12 PM,12:36 PM,12:45 AM,Waxing Gibbous,55,2024,5,Spring
,Suriname,Paramaribo,5.83,-55.17,1715849100,24.4,75.9,Mist,4.7,7.6,83,E,1010,29.83,0,0,96,43,27.2,81,2,1,1,8.2,13.2,188.6,31.1,0.1,0.1,1.1,2.2,1,1,6:25 AM,6:49 PM,1:46 PM,1:35 AM,Waxing Gibbous,55,2024,5,Spring
,Sweden,Stockholm,59.33,18.05,1715849100,20,68,Sunny,6.9,11.2,260,W,1024,30.24,0,0,40,0,20,68,10,6,5,8.4,13.5,253.7,76.5,10.9,14.9,4.2,6.1,1,1,4:12 AM,9:18 PM,12:22 PM,3:11 AM,Waxing Gibbous,55,2024,5,Spring
,Switzerland,Bern,46.92,7.47,1715849100,14,57.2,Partly cloudy,2.2,3.6,270,W,1006,29.71,0.13,0,82,75,14.5,58,10,6,3,3.1,5,213.6,60.8,4.9,1.4,2.4,2.8,1,1,5:54 AM,9:00 PM,1:40 PM,3:16 AM,Waxing Gibbous,55,2024,5,Spring
,Syria,Damascus,33.5,36.3,1715849100,24,75.2,Sunny,2.2,3.6,10,N,1019,30.09,0,0,31,0,23.9,75,10,6,6,7,11.2,183.6,121.6,4,5.1,5.1,10.2,1,1,5:34 AM,7:30 PM,1:01 PM,1:54 AM,Waxing Gibbous,55,2024,5,Spring
,Tajikistan,Dushanbe,38.56,68.77,1715849100,29,84.2,Partly cloudy,2.2,3.6,176,S,1017,30.03,0.05,0,37,25,29.4,84.8,6,3,6,3.4,5.4,233.7,105.9,0.4,1.4,5.5,14.8,1,1,5:12 AM,7:31 PM,12:38 PM,1:50 AM,Waxing Gibbous,55,2024,5,Spring
,Tanzania,Dodoma,-6.18,35.75,1715849100,25,77,Partly cloudy,11.9,19.1,110,ESE,1021,30.15,0,0,57,50,26,78.8,10,6,8,16.3,26.3,233.7,27.9,0.2,0.2,1.9,3.4,1,1,6:38 AM,6:28 PM,1:43 PM,1:08 AM,Waxing Gibbous,55,2024,5,Spring
,Thailand,Bangkok,13.75,100.52,1715849100,31,87.8,Partly cloudy,9.4,15.1,210,SSW,1007,29.74,0.11,0,75,25,32.7,90.9,10,6,8,11.3,18.2,3898.6,0,85,80.1,115.2,163.7,4,10,5:51 AM,6:37 PM,12:57 PM,1:04 AM,Waxing Gibbous,55,2024,5,Spring
,Timor-Leste,Dili,-8.56,125.57,1715849100,28,82.4,Patchy rain nearby,8.9,14.4,65,ENE,1010,29.83,0.03,0,77,79,31.8,89.3,10,6,7,10.3,16.6,230.3,26.5,0,0.1,0.8,2.1,1,1,6:42 AM,6:25 PM,1:36 PM,12:55 AM,Waxing Gibbous,55,2024,5,Spring
,Bulgaria,Lom,43.81,23.24,1715849100,19,66.2,Sunny,18.6,29.9,90,E,1021,30.15,0,0,43,0,19,66.2,10,6,4,23,37.1,220.3,68,1.2,0.4,3.2,3.9,1,1,6:00 AM,8:47 PM,1:40 PM,3:05 AM,Waxing Gibbous,55,2024,5,Spring
,Tonga,Nuku`Aloia,-21.13,-175.2,1715849100,23,73.4,Moderate rain,20.6,33.1,80,E,1016,29.99,2.09,0.08,100,100,25.2,77.3,6,3,1,35.3,56.8,217,36.8,0.1,0.1,2.4,6.3,1,1,7:04 AM,6:10 PM,1:47 PM,12:33 AM,Waxing Gibbous,55,2024,5,Spring
,Trinidad and Tobago,Port Of Spain,10.65,-61.52,1715849100,26,78.8,Partly cloudy,2.2,3.6,10,N,1011,29.85,0.03,0,89,25,29.6,85.3,10,6,1,9.4,15.1,198.6,19.5,0.6,0.4,2.2,5.5,1,1,5:44 AM,6:21 PM,1:09 PM,1:06 AM,Waxing Gibbous,55,2024,5,Spring
,Tunisia,Tunis,36.8,10.18,1715849100,24,75.2,Partly cloudy,11.9,19.1,300,WNW,1008,29.77,0,0,57,25,25.2,77.3,10,6,6,16.3,26.3,200.3,73.7,1.9,1.6,6.7,15.7,1,1,5:11 AM,7:21 PM,12:45 PM,1:45 AM,Waxing Gibbous,55,2024,5,Spring
,Turkey,Ankara,39.93,32.86,1715849100,16,60.8,Partly cloudy,8.1,13,240,WSW,1020,30.12,0.02,0,45,75,16,60.8,10,6,4,14.7,23.6,233.7,107.3,6.8,9.4,11.2,12.2,1,1,5:33 AM,7:58 PM,1:06 PM,2:18 AM,Waxing Gibbous,55,2024,5,Spring
,Turkmenistan,Ashgabat,37.95,58.38,1715849100,23,73.4,Partly cloudy,4.3,6.8,50,NE,1016,30,0.02,0,69,75,24.9,76.7,10,6,5,8.7,14,240.3,85.1,6.9,6.8,9,39,1,1,5:55 AM,8:11 PM,1:23 PM,2:31 AM,Waxing Gibbous,55,2024,5,Spring
,Tuvalu,Funafuti,-8.52,179.22,1715849100,26,78.8,Moderate rain at times,12.5,20.2,90,E,1008,29.77,2,0.08,100,100,28.4,83.1,8,4,1,14.9,24,207,23.6,0,0,0.6,1.6,1,1,6:08 AM,5:51 PM,12:55 PM,12:13 AM,Waxing Gibbous,55,2024,5,Spring
,Uganda,Kampala,0.32,32.57,1715849100,25.7,78.3,Patchy rain nearby,2.2,3.6,109,ESE,1015,29.97,0.02,0,60,77,26.9,80.5,10,6,6,2.6,4.1,320.4,36.8,0.3,0.3,4.1,7.6,1,1,6:42 AM,6:50 PM,1:50 PM,1:29 AM,Waxing Gibbous,55,2024,5,Spring
,Ukraine,Kyiv,50.43,30.52,1715849100,13.8,56.8,Patchy rain nearby,8.1,13,94,E,1027,30.32,0.25,0.01,53,72,12.8,55,9,5,3,9.7,15.6,213.6,93,0.9,2.2,2,2.3,1,1,5:09 AM,8:41 PM,12:56 PM,2:51 AM,Waxing Gibbous,55,2024,5,Spring
,United Arab Emirates,Abu Dhabi,24.47,54.37,1715849100,39,102.2,Sunny,6.9,11.2,180,S,1009,29.8,0,0,19,0,50,121.9,10,6,8,21.1,34,203.6,91.6,1.2,0.4,34.1,148.6,2,3,5:39 AM,7:00 PM,12:56 PM,1:27 AM,Waxing Gibbous,55,2024,5,Spring
,United Kingdom,London,51.52,-0.11,1715849100,14,57.2,Partly cloudy,2.5,4,120,ESE,1005,29.68,0.2,0.01,88,50,14.5,58,10,6,3,3.8,6.2,383.9,0.5,31.9,22.4,16.9,19.8,2,2,5:07 AM,8:48 PM,1:02 PM,2:57 AM,Waxing Gibbous,55,2024,5,Spring
,United States of America,Washington Park,46.6,-120.49,1715849100,16.1,61,Clear,4.3,6.8,220,SW,1012,29.87,0,0,58,0,16.1,61,16,9,1,10.3,16.6,198.6,62.2,2.5,0.2,6.3,7.1,1,1,5:26 AM,8:31 PM,1:36 PM,2:52 AM,Waxing Gibbous,55,2024,5,Spring
,Uruguay,Montevideo,-34.86,-56.17,1715849100,6,42.8,Clear,5.6,9,340,NNW,1014,29.94,0,0,87,0,3.4,38,10,6,1,11.9,19.1,337.1,19.3,8.6,6.4,6.5,10.5,1,1,7:33 AM,5:49 PM,2:26 PM,12:53 AM,Waxing Gibbous,55,2024,5,Spring
,Uzbekistan,Tashkent,41.32,69.25,1715849100,22,71.6,Partly cloudy,9.4,15.1,20,NNE,1019,30.09,0.01,0,73,37,24.5,76.2,10,6,5,13.9,22.3,240.3,107.3,11.7,1.7,2.9,3.8,1,1,5:03 AM,7:36 PM,12:32 PM,1:53 AM,Waxing Gibbous,55,2024,5,Spring
,Vanuatu,Port Vila,-17.73,168.32,1715849100,25,77,Partly cloudy,8.1,13,120,ESE,1013,29.91,0.02,0,83,50,26.9,80.3,10,6,1,23.5,37.8,220.3,45.1,0.2,0.6,3.1,13.4,1,1,6:05 AM,5:21 PM,12:50 PM,No moonset,Waxing Gibbous,55,2024,5,Spring
,Venezuela,Caracas,10.5,-66.92,1715849100,26,78.8,Partly cloudy,2.2,3.6,10,N,1013,29.91,0.05,0,84,25,29.9,85.8,10,6,1,6.2,9.9,317.1,0.2,13,16.5,6.2,9.5,1,1,6:06 AM,6:42 PM,1:31 PM,1:28 AM,Waxing Gibbous,55,2024,5,Spring
,Vietnam,Hanoi,21.03,105.85,1715849100,30,86,Partly cloudy,4.3,6.8,340,NNW,1011,29.85,0.03,0,62,75,32.5,90.4,10,6,6,5,8.1,560.8,197.4,14.7,27.2,72.5,82.8,4,10,5:19 AM,6:28 PM,12:27 PM,12:52 AM,Waxing Gibbous,55,2024,5,Spring
,Yemen,Sanaa,15.35,44.21,1715849100,25.7,78.2,Patchy rain nearby,7.8,12.6,50,NE,1014,29.94,0.01,0,27,82,24.9,76.8,10,6,6,9,14.5,183.6,83.7,2.4,11,32.5,125.3,2,3,5:34 AM,6:25 PM,12:48 PM,12:57 AM,Waxing Gibbous,55,2024,5,Spring
,Zambia,Lusaka,-15.42,28.28,1715849100,21.8,71.3,Sunny,8.9,14.4,96,E,1021,30.16,0,0,46,12,21.8,71.3,10,6,7,10.3,16.6,1108.2,60.8,2.7,5.1,10.7,18.8,1,1,6:21 AM,5:45 PM,1:22 PM,12:28 AM,Waxing Gibbous,55,2024,5,Spring
,Zimbabwe,Harare,-17.82,31.04,1715849100,20.2,68.4,Sunny,6,9.7,141,SE,1022,30.19,0,0,37,4,20.2,68.4,10,6,7,7,11.2,747.7,80.8,8.3,20,67.2,78.3,4,9,6:14 AM,5:30 PM,1:12 PM,12:14 AM,Waxing Gibbous,55,2024,5,Spring
,Afghanistan,Kabul,34.52,69.18,1715868000,22,71.6,Patchy rain nearby,4.5,7.2,318,NW,1014,29.93,0.03,0,41,89,22,71.5,10,6,5,5.3,8.5,1495.4,60.1,19.4,0.6,9.4,18.9,1,1,4:50 AM,6:50 PM,12:12 PM,1:11 AM,Waxing Gibbous,55,2024,5,Spring
,Albania,Tirana,41.33,19.82,1715868000,29,84.2,Partly cloudy,4.3,6.8,230,SW,1008,29.77,0,0,45,25,31.9,89.4,10,6,6,5.1,8.3,195.3,93,3.6,0.3,2.3,4.3,1,1,5:21 AM,7:54 PM,12:58 PM,2:14 AM,Waxing Gibbous,55,2024,5,Spring
,Algeria,Algiers,36.76,3.05,1715868000,25,77,Partly cloudy,17.4,28.1,330,NNW,1010,29.83,0,0,39,25,25.9,78.7,10,6,6,21.9,35.3,198.6,105.9,1.8,2,4.3,11.5,1,1,5:40 AM,7:50 PM,1:15 PM,2:14 AM,Waxing Gibbous,55,2024,5,Spring
,Andorra,Andorra La Vella,42.5,1.52,1715868000,6.3,43.3,Patchy light rain in area with thunder,6.3,10.1,223,SW,1007,29.74,0.22,0.01,76,76,4.2,39.5,10,6,2,8.6,13.8,156.9,80.1,0.7,0.1,0.7,0.8,1,1,6:31 AM,9:11 PM,2:12 PM,3:31 AM,Waxing Gibbous,55,2024,5,Spring
,Angola,Luanda,-8.84,13.23,1715868000,32,89.6,Sunny,16.1,25.9,280,W,1008,29.77,0,0,63,0,40.4,104.7,10,6,8,19.6,31.6,494,85.8,9,4,31.7,68.5,2,3,6:12 AM,5:55 PM,1:17 PM,12:38 AM,Waxing Gibbous,55,2024,5,Spring
,Antigua and Barbuda,Saint John's,17.12,-61.85,1715868000,29,84.2,Partly cloudy,9.4,15.1,100,E,1015,29.97,0.02,0,75,50,33.4,92.2,10,6,6,14.6,23.5,233.7,31.5,0.7,0.9,1,3.6,1,1,5:36 AM,6:32 PM,1:05 PM,1:14 AM,Waxing Gibbous,55,2024,5,Spring
,Argentina,Buenos Aires,-34.59,-58.67,1715868000,11,51.8,Sunny,6.9,11.2,330,NNW,1014,29.94,0,0,76,0,10.1,50.2,10,6,5,11.4,18.4,634.2,4,15.3,3.5,4.8,7.2,1,1,7:43 AM,5:59 PM,2:36 PM,1:04 AM,Waxing Gibbous,55,2024,5,Spring
,Armenia,Yerevan,40.18,44.51,1715868000,15,59,Partly cloudy,2.5,4,10,N,1017,30.03,0.2,0.01,77,37,15.4,59.8,10,6,4,3.6,5.9,195.3,91.6,6.3,1.2,1,1.1,1,1,5:45 AM,8:12 PM,1:17 PM,2:31 AM,Waxing Gibbous,55,2024,5,Spring
,Australia,Canberra,-35.28,149.22,1715868000,5,41,Clear,2.2,3.6,10,N,1027,30.33,0,0,100,0,4.7,40.5,10,6,1,2.3,3.8,307.1,2.5,20.7,1.5,9.9,13.7,1,1,6:52 AM,5:07 PM,1:31 PM,No moonset,Waxing Gibbous,55,2024,5,Spring
,Austria,Vienna,48.2,16.37,1715868000,17,62.6,Light rain,16.1,25.9,170,S,1013,29.91,0,0,72,75,17,62.6,10,6,4,17.7,28.5,203.6,86.6,3.4,1.7,1.5,1.9,1,1,5:14 AM,8:29 PM,1:00 PM,2:42 AM,Waxing Gibbous,55,2024,5,Spring
,Azerbaijan,Baku,40.4,49.88,1715868000,17,62.6,Partly cloudy,11.9,19.1,30,NNE,1019,30.09,0,0,59,50,17,62.6,10,6,5,12,19.3,253.7,65.8,17,1.7,2,2.3,1,1,5:23 AM,7:51 PM,12:54 PM,2:10 AM,Waxing Gibbous,55,2024,5,Spring
,Bahamas,Nassau,25.08,-77.35,1715868000,29,84.2,Partly cloudy,16.1,25.9,200,SSW,1013,29.92,0,0,79,50,35.7,96.2,10,6,7,18.8,30.3,350.5,62.9,0.6,1.4,17.5,29,2,2,6:24 AM,7:48 PM,2:01 PM,2:26 AM,Waxing Gibbous,55,2024,5,Spring
,Bahrain,Manama,26.24,50.58,1715868000,36,96.8,Sunny,10.5,16.9,80,E,1005,29.68,0,0,42,0,42.8,109.1,10,6,8,38.5,62,230.3,133,1.6,1,40.1,101.5,2,4,4:50 AM,6:18 PM,12:10 PM,12:45 AM,Waxing Gibbous,55,2024,5,Spring
,Bangladesh,Dhaka,23.72,90.41,1715868000,34.2,93.6,Clear,7.8,12.6,186,S,1005,29.68,0,0,41,20,36.9,98.4,10,6,1,13.8,22.1,934.6,117.3,19.9,7.8,64.2,80,3,8,5:16 AM,6:34 PM,12:28 PM,12:58 AM,Waxing Gibbous,55,2024,5,Spring
,Barbados,Bridgetown,13.1,-59.62,1715868000,30,86,Partly cloudy,19.2,31,80,E,1014,29.94,0.02,0,75,25,35.8,96.5,10,6,6,23.7,38.2,253.7,31.5,1.2,2.6,2.4,10.1,1,1,5:33 AM,6:17 PM,12:59 PM,1:00 AM,Waxing Gibbous,55,2024,5,Spring
,Belarus,Minsk,53.9,27.57,1715868000,17,62.6,Sunny,4.3,6.8,30,NNE,1025,30.27,0,0,34,0,17,62.6,10,6,5,4.3,6.9,213.6,85.8,3.5,2.4,2.3,2.5,1,1,5:05 AM,9:08 PM,12:59 PM,3:13 AM,Waxing Gibbous,55,2024,5,Spring
,Belgium,Brussels,50.83,4.33,1715868000,17,62.6,Partly cloudy,11.9,19.1,230,SW,1005,29.68,0.04,0,77,50,17,62.6,10,6,4,16.3,26.3,212,83,6.9,2.4,1.9,2.1,1,1,5:52 AM,9:28 PM,1:45 PM,3:38 AM,Waxing Gibbous,55,2024,5,Spring
,Belize,Belmopan,17.25,-88.77,1715868000,30,86,Partly cloudy,8.1,13,110,ESE,1010,29.83,0,0,79,75,34.7,94.4,9,5,7,12.5,20.2,290.4,29,0.4,0.3,7,25.8,1,1,5:23 AM,6:20 PM,12:56 PM,1:04 AM,Waxing Gibbous,55,2024,5,Spring
,Benin,Porto-Novo,6.48,2.62,1715868000,24,75.2,Moderate or heavy rain with thunder,17.4,28.1,80,E,1012,29.88,0.05,0,89,100,26.2,79.1,8,4,6,18.9,30.5,387.2,25.8,1.7,1.3,2.5,4.8,1,1,6:33 AM,6:59 PM,1:48 PM,1:38 AM,Waxing Gibbous,55,2024,5,Spring
,Bhutan,Thimphu,27.48,89.6,1715868000,10.5,50.9,Patchy rain nearby,3.6,5.8,227,SW,1017,30.02,0.17,0.01,90,72,10.1,50.1,9,5,1,7,11.3,337.1,73,1,1,12.1,15,1,2,5:12 AM,6:44 PM,12:27 PM,1:07 AM,Waxing Gibbous,55,2024,5,Spring
,Bolivia,Sucre,-19.04,-65.26,1715868000,18.8,65.9,Sunny,3.1,5,20,NNE,1010,29.83,0,0,37,13,18.9,65.9,10,6,6,3.6,5.8,230.3,40.4,2.6,1,5.3,13.1,1,1,6:41 AM,5:53 PM,1:48 PM,12:51 AM,Waxing Gibbous,55,2024,5,Spring
,Bosnia and Herzegovina,Sarajevo,43.85,18.38,1715868000,20,68,Partly cloudy,2.2,3.6,191,SSW,1011,29.85,0.02,0,83,25,20,68,10,6,5,8.3,13.4,185.3,89.4,1.3,8,2,3.4,1,1,5:20 AM,8:07 PM,1:00 PM,2:24 AM,Waxing Gibbous,55,2024,5,Spring
,Botswana,Gaborone,-24.65,25.91,1715868000,29,84.2,Partly cloudy,6.9,11.2,50,NE,1024,30.24,0,0,19,25,26.9,80.4,10,6,8,10.3,16.6,303.8,98.7,3.1,5.4,14.8,20.1,1,2,6:45 AM,5:40 PM,1:40 PM,12:27 AM,Waxing Gibbous,55,2024,5,Spring
,Brazil,Bras,-2.08,-58.17,1715868000,31.4,88.6,Partly Cloudy,4,6.5,74,ENE,1011,29.87,0,0,61,31,36.2,97.1,10,6,9,4.6,7.5,201.9,5.4,0.1,0.1,0.5,0.5,1,1,5:49 AM,5:50 PM,1:05 PM,12:39 AM,Waxing Gibbous,55,2024,5,Spring
,Brunei Darussalam,Bandar Seri Begawan,4.88,114.93,1715868000,27,80.6,Patchy light rain with thunder,6.9,11.2,150,SSE,1010,29.83,3.01,0.12,100,75,31.3,88.4,7,4,1,11.4,18.4,567.4,51.5,7.4,2.4,9.5,9.8,1,1,6:06 AM,6:27 PM,1:06 PM,12:54 AM,Waxing Gibbous,55,2024,5,Spring
,Bulgaria,Sofia,42.68,23.32,1715868000,11,51.8,Light rain,19.2,31,120,ESE,1020,30.12,0.15,0.01,82,75,9.4,48.9,9,5,3,23.7,38.2,227,73,3.5,0.4,3,3.7,1,1,6:03 AM,8:44 PM,1:41 PM,3:02 AM,Waxing Gibbous,55,2024,5,Spring
,Burkina Faso,Ouagadougou,12.37,-1.52,1715868000,24,75.2,Moderate or heavy rain with thunder,10.5,16.9,120,ESE,1016,30,0.23,0.01,94,25,23.9,75,10,6,8,15,24.1,387.2,25.8,1.1,0.7,6.1,24.5,1,1,5:42 AM,6:24 PM,12:59 PM,1:01 AM,Waxing Gibbous,55,2024,5,Spring
,Burundi,Bujumbura,-3.38,29.36,1715868000,31,87.8,Partly cloudy,20.6,33.1,190,S,1012,29.88,0.34,0.01,55,25,38,100.5,10,6,6,25.1,40.3,373.8,44.7,0.7,0.4,6.4,12,1,1,6:00 AM,5:58 PM,1:06 PM,12:37 AM,Waxing Gibbous,55,2024,5,Spring
,Madagascar,Ivory,-24.37,46.45,1715868000,27.8,82,Sunny,11.4,18.4,55,NE,1017,30.05,0,0,48,19,28.3,83,10,6,8,15.6,25.1,212,37.6,0.1,0,0.5,0.6,1,1,6:23 AM,5:18 PM,1:16 PM,12:02 AM,Waxing Gibbous,55,2024,5,Spring
,Cape Verde,Praia,14.93,-23.51,1715868000,26,78.8,Partly cloudy,19.2,31,50,NE,1014,29.94,0,0,58,25,27.6,81.7,10,6,6,23.7,38.2,193.6,68,0.1,0.3,4.3,18.1,1,1,6:05 AM,6:56 PM,1:28 PM,1:35 AM,Waxing Gibbous,55,2024,5,Spring
,Cambodia,Phnom Penh,11.55,104.92,1715868000,30,86,Partly cloudy,9.4,15.1,160,SSE,1008,29.77,0,0,75,50,33.2,91.7,10,6,1,18.3,29.5,1762.4,19,43.2,13.8,64,88,3,8,5:37 AM,6:17 PM,12:41 PM,12:43 AM,Waxing Gibbous,55,2024,5,Spring
,Cameroon,Yaounde,3.87,11.52,1715868000,32,89.6,Partly cloudy,4.3,6.8,100,E,1014,29.94,0.22,0.01,56,75,37.5,99.5,8,4,6,8.7,14,360.5,26.5,0.4,0.7,3.8,5.7,1,1,6:01 AM,6:19 PM,1:13 PM,12:59 AM,Waxing Gibbous,55,2024,5,Spring
,Canada,Ottawa,45.42,-75.7,1715868000,16,60.8,Partly cloudy,6.9,11.2,60,ENE,1013,29.9,0,0,63,75,16,60.8,24,14,5,8.9,14.3,195.3,43.6,0.6,0.2,0.5,0.7,1,1,5:31 AM,8:28 PM,1:31 PM,2:49 AM,Waxing Gibbous,55,2024,5,Spring
,Central African Republic,Bangui,4.37,18.58,1715868000,35,95,Partly cloudy,2.2,3.6,116,ESE,1009,29.8,0,0,53,50,36.5,97.6,10,6,9,5.9,9.5,303.8,3.2,0,0,0.5,1.1,1,1,5:33 AM,5:52 PM,12:43 PM,12:30 AM,Waxing Gibbous,55,2024,5,Spring
,Chad,N'djamena,12.11,15.05,1715868000,42,107.6,Partly cloudy,6.9,11.2,120,ESE,1006,29.71,0,0,25,50,43,109.3,8,4,10,11.3,18.2,320.4,47.9,0.5,0.7,34.5,148.6,2,3,5:36 AM,6:17 PM,12:51 PM,12:53 AM,Waxing Gibbous,55,2024,5,Spring
,Chile,Santiago,-33.45,-70.67,1715868000,2,35.6,Sunny,4.3,6.8,60,ENE,1020,30.12,0,0,87,0,1.4,34.5,6,3,4,8.7,14,9719.9,19.7,181,66.8,714.1,873.4,6,10,7:28 AM,5:50 PM,2:23 PM,12:56 AM,Waxing Gibbous,55,2024,5,Spring
,China,Beijing,39.93,116.39,1715868000,23,73.4,Clear,4.3,6.8,90,E,1003,29.62,0,0,47,0,23,73.3,10,6,1,9.4,15,2697,0,128.9,165.9,228.2,302.1,5,10,4:58 AM,7:24 PM,12:17 PM,1:39 AM,Waxing Gibbous,55,2024,5,Spring
,Bulgaria,Bogot,43.32,24.7,1715868000,19.4,66.9,Partly Cloudy,12.3,19.8,104,ESE,1017,30.04,0,0,61,52,19.4,66.9,10,6,5,16.3,26.2,208.6,85.1,0.7,0.2,2.8,2.9,1,1,5:56 AM,8:40 PM,1:35 PM,2:58 AM,Waxing Gibbous,55,2024,5,Spring
,Comoros,Moroni,-11.7,43.24,1715868000,25.8,78.5,Patchy rain nearby,17.4,28.1,148,SSE,1014,29.95,0.04,0,79,80,28.2,82.8,10,6,7,20.1,32.3,247,42.9,0.3,0.2,1.4,5,1,1,6:16 AM,5:51 PM,1:17 PM,12:31 AM,Waxing Gibbous,55,2024,5,Spring
,Congo,Brazzaville,-4.26,15.28,1715868000,32,89.6,Patchy light rain with thunder,16.1,25.9,160,SSE,1009,29.8,0,0,56,25,33.7,92.6,8,4,9,20.6,33.1,627.5,73,2.2,2.2,15,31.1,1,2,5:58 AM,5:53 PM,1:05 PM,12:34 AM,Waxing Gibbous,55,2024,5,Spring
,Costa Rica,San Juan,9.97,-84.08,1715868000,23,73.4,Sunny,5.6,9,100,E,1017,30.04,0.02,0,89,0,25.3,77.5,10,6,4,10.1,16.2,1308.4,0.3,14.6,8.6,20.8,23.5,2,2,5:15 AM,5:51 PM,12:42 PM,12:37 AM,Waxing Gibbous,55,2024,5,Spring
,Croatia,Zagreb,45.8,16,1715868000,20,68,Partly cloudy,9.4,15.1,50,NE,1010,29.83,0.68,0.03,68,75,20,68,10,6,4,13.9,22.3,200.3,78.7,3.2,0.6,2.1,2.4,1,1,5:23 AM,8:22 PM,1:06 PM,2:38 AM,Waxing Gibbous,55,2024,5,Spring
,Cuba,Havana,23.13,-82.36,1715868000,29,84.2,Partly cloudy,10.5,16.9,200,SSW,1014,29.94,0,0,75,25,31.1,87.9,9,5,8,15,24.1,353.8,48.6,5.5,20.5,4.3,14.2,1,1,6:47 AM,8:04 PM,2:24 PM,2:44 AM,Waxing Gibbous,55,2024,5,Spring
,Cyprus,Nicosia,35.17,33.37,1715868000,26,78.8,Partly cloudy,16.1,25.9,200,SSW,1016,30,0,0,54,25,26.2,79.1,10,6,6,20.6,33.1,191.9,108.7,0.4,1,4.1,6.2,1,1,5:42 AM,7:45 PM,1:11 PM,2:08 AM,Waxing Gibbous,55,2024,5,Spring
,Czech Republic,Prague,50.08,14.47,1715868000,19,66.2,Partly cloudy,25.5,41,130,SE,1010,29.83,0.02,0,49,50,19,66.2,10,6,4,30,48.2,196.9,88.7,3.1,1.2,1.7,2.1,1,1,5:14 AM,8:44 PM,1:04 PM,2:55 AM,Waxing Gibbous,55,2024,5,Spring
,Democratic Republic of Congo,Kinshasa,-4.3,15.3,1715868000,32,89.6,Patchy light rain with thunder,16.1,25.9,160,SSE,1009,29.8,0,0,56,25,34.1,93.5,8,4,8,20.6,33.1,627.5,73,2.2,2.2,15,31.1,1,2,5:58 AM,5:53 PM,1:05 PM,12:34 AM,Waxing Gibbous,55,2024,5,Spring
,Denmark,Copenhagen,55.67,12.58,1715868000,18,64.4,Sunny,21.7,34.9,100,E,1016,30,0,0,42,0,18,64.4,10,6,5,32.9,52.9,210.3,97.3,2.8,1.9,4.2,4.7,1,1,4:56 AM,9:17 PM,12:58 PM,3:19 AM,Waxing Gibbous,55,2024,5,Spring
,Djibouti,Djibouti,11.6,43.15,1715868000,35,95,Partly cloudy,11.9,19.1,100,E,1006,29.71,0,0,53,75,47.6,117.7,10,6,8,16.3,26.3,260.4,58.7,1.1,1.6,8,21.7,1,1,5:44 AM,6:24 PM,12:56 PM,12:57 AM,Waxing Gibbous,55,2024,5,Spring
,Dominica,Roseau,15.3,-61.4,1715868000,30,86,Light rain,11.9,19.1,110,ESE,1015,29.97,0.04,0,79,50,35.7,96.3,10,6,6,11.9,19.2,240.3,29.7,0.8,0.5,0.9,2.5,1,1,5:37 AM,6:28 PM,1:04 PM,1:10 AM,Waxing Gibbous,55,2024,5,Spring
,Dominican Republic,Santo Domingo,18.47,-69.9,1715868000,28,82.4,Partly cloudy,6.9,11.2,70,ENE,1015,29.97,0.03,0,84,25,30.4,86.7,10,6,6,11.4,18.4,440.6,41.1,19.2,41,15.2,20.1,1,2,6:05 AM,7:07 PM,1:37 PM,1:48 AM,Waxing Gibbous,55,2024,5,Spring
,Ecuador,Quito,-0.22,-78.5,1715868000,16.2,61.2,Sunny,2.2,3.6,71,ENE,1016,30.02,0,0,66,14,16.2,61.2,10,6,6,6.7,10.8,3845.2,10.9,98.7,82,59.3,63.5,3,8,6:07 AM,6:13 PM,1:27 PM,1:05 AM,Waxing Gibbous,55,2024,5,Spring
,Egypt,Cairo,30.05,31.25,1715868000,32,89.6,Sunny,23,37.1,30,NNE,1017,30.03,0,0,23,0,29.8,85.6,10,6,8,24.4,39.3,195.3,128.8,3.6,4.2,13.6,53.2,1,2,6:01 AM,7:43 PM,1:26 PM,2:09 AM,Waxing Gibbous,55,2024,5,Spring
,El Salvador,San Salvador,13.71,-89.2,1715868000,26,78.8,Partly cloudy,4.3,6.8,70,ENE,1011,29.84,0.33,0.01,89,50,28,82.4,10,6,6,8.7,14,567.4,14.5,6.7,14.3,29.2,41.4,2,3,5:30 AM,6:16 PM,1:00 PM,1:02 AM,Waxing Gibbous,55,2024,5,Spring
,Equatorial Guinea,Malabo,3.75,8.78,1715868000,32,89.6,Partly cloudy,9.4,15.1,340,NNW,1009,29.8,0.03,0,80,50,42.3,108.1,10,6,6,13.9,22.3,287.1,24.7,0,0,1.3,1.8,1,1,6:12 AM,6:30 PM,1:25 PM,1:10 AM,Waxing Gibbous,55,2024,5,Spring
,Eritrea,Asmara,15.33,38.93,1715868000,22.2,71.9,Moderate rain at times,6.7,10.8,30,NNE,1012,29.89,0.67,0.03,52,82,24.5,76.1,10,6,5,11.7,18.9,183.6,47.2,0.2,0.2,14.6,53.3,1,2,5:55 AM,6:46 PM,1:10 PM,1:19 AM,Waxing Gibbous,55,2024,5,Spring
,Estonia,Tallinn,59.43,24.73,1715868000,20,68,Sunny,18.6,29.9,280,W,1023,30.21,0,0,37,0,20,68,10,6,4,26.3,42.3,208.6,120.2,2.4,1.5,8,8.4,1,1,4:44 AM,9:52 PM,12:54 PM,3:45 AM,Waxing Gibbous,55,2024,5,Spring
,Swaziland,Mbabane,-26.32,31.13,1715868000,22.5,72.6,Sunny,4.7,7.6,93,E,1021,30.15,0,0,38,2,24.1,75.3,10,6,7,6.4,10.2,283.7,54.4,1.3,2.3,17.9,27.2,2,2,6:27 AM,5:16 PM,1:21 PM,12:03 AM,Waxing Gibbous,55,2024,5,Spring
,Ethiopia,Addis Ababa,9.03,38.7,1715868000,26,78.8,Partly cloudy,6.9,11.2,150,SSE,1024,30.24,0,0,39,75,26.2,79.2,10,6,6,13.6,22,1335.1,57.9,1.5,2.5,24,84.4,2,3,6:05 AM,6:38 PM,1:17 PM,1:13 AM,Waxing Gibbous,55,2024,5,Spring
,Fiji Islands,Suva,-18.13,178.42,1715868000,24,75.2,Partly cloudy,2.2,3.6,19,NNE,1011,29.85,0.4,0.02,100,75,26.4,79.6,10,6,1,11.5,18.5,205.3,16.3,1.6,1.3,1.7,2,1,1,6:25 AM,5:41 PM,1:09 PM,12:04 AM,Waxing Gibbous,55,2024,5,Spring
,Finland,Helsinki,60.18,24.93,1715868000,26,78.8,Sunny,15,24.1,260,W,1021,30.15,0,0,30,0,26,78.8,10,6,5,28.5,45.9,203.6,101.6,3,1.2,4.9,6.1,1,1,4:38 AM,9:57 PM,12:50 PM,3:47 AM,Waxing Gibbous,55,2024,5,Spring
,France,Paris,48.87,2.33,1715868000,18,64.4,Partly cloudy,6.9,11.2,230,SW,1006,29.71,0.04,0,52,75,18,64.4,10,6,4,11.1,17.8,213.6,88.7,5.2,1.4,1.6,2.5,1,1,6:07 AM,9:28 PM,1:57 PM,3:41 AM,Waxing Gibbous,55,2024,5,Spring
,Gabon,Libreville,0.38,9.45,1715868000,31,87.8,Partly cloudy,8.1,13,240,WSW,1009,29.8,1.17,0.05,71,25,40.2,104.4,10,6,6,11.6,18.7,540.7,70.1,5.6,7.5,19.4,27.7,2,2,6:14 AM,6:22 PM,1:25 PM,1:04 AM,Waxing Gibbous,55,2024,5,Spring
,Gambia,Banjul,13.45,-16.58,1715868000,30,86,Sunny,8.1,13,260,W,1012,29.88,0,0,52,0,35,94.9,10,6,6,15.5,24.9,217,79.4,0.2,2.1,21.8,108.4,2,2,6:40 AM,7:26 PM,2:01 PM,2:04 AM,Waxing Gibbous,55,2024,5,Spring
,Georgia,Tbilisi,41.73,44.79,1715868000,13,55.4,Partly cloudy,5.6,9,210,SSW,1018,30.06,0,0,88,62,12.5,54.5,10,6,5,5.9,9.5,186.9,72.2,1.1,0.1,0.7,1,1,1,5:40 AM,8:15 PM,1:13 PM,2:33 AM,Waxing Gibbous,55,2024,5,Spring
,Germany,Berlin,52.52,13.4,1715868000,24,75.2,Sunny,24.2,38.9,110,ESE,1009,29.8,0,0,31,0,24.4,76,10,6,5,28.6,46.1,198.6,105.9,2.7,2.4,4.5,5,1,1,5:08 AM,8:58 PM,1:03 PM,3:06 AM,Waxing Gibbous,55,2024,5,Spring
,Ghana,Accra,5.55,-0.22,1715868000,31,87.8,Partly cloudy,10.5,16.9,170,S,1011,29.85,0,0,71,25,38.1,100.6,10,6,7,13.6,21.9,317.1,45.1,2,1.2,3.4,7.7,1,1,5:46 AM,6:09 PM,1:00 PM,12:49 AM,Waxing Gibbous,55,2024,5,Spring
,Greece,Athens,37.98,23.72,1715868000,21,69.8,Partly cloudy,11.9,19.1,20,NNE,1020,30.12,0,0,43,25,21,69.8,10,6,6,16.3,26.3,203.6,121.6,5,6,7.7,19.6,1,1,6:14 AM,8:30 PM,1:47 PM,2:52 AM,Waxing Gibbous,55,2024,5,Spring
,Grenada,Saint George's,12.05,-61.75,1715868000,31,87.8,Partly cloudy,15,24.1,120,ESE,1014,29.94,0.03,0,66,25,37.9,100.1,10,6,6,19.5,31.3,240.3,24.7,1.1,1,2.4,10.2,1,1,5:43 AM,6:24 PM,1:08 PM,1:08 AM,Waxing Gibbous,55,2024,5,Spring
,Guatemala,Guatemala City,14.62,-90.53,1715868000,21,69.8,Partly cloudy,2.2,3.6,10,N,1021,30.15,0.27,0.01,83,75,21,69.8,10,6,5,3.1,5,1976,63.7,21.4,26,152.7,212.3,5,10,5:34 AM,6:23 PM,1:05 PM,1:09 AM,Waxing Gibbous,55,2024,5,Spring
,Guinea,Conakry,9.51,-13.71,1715868000,31,87.8,Partly cloudy,6.9,11.2,300,WNW,1012,29.88,0.05,0,71,50,40.1,104.2,10,6,6,13.2,21.2,280.4,25,0.2,0,0.5,5.4,1,1,6:34 AM,7:08 PM,1:52 PM,1:49 AM,Waxing Gibbous,55,2024,5,Spring
,Guinea-Bissau,Bissau,11.85,-15.58,1715868000,34,93.2,Partly cloudy,5.6,9,290,WNW,1012,29.88,0,0,44,25,39.8,103.6,9,5,8,13.9,22.4,205.3,53.6,0.1,0.5,13.1,50.3,1,2,6:38 AM,7:19 PM,1:58 PM,1:59 AM,Waxing Gibbous,55,2024,5,Spring
,Guyana,Georgetown,6.8,-58.17,1715868000,29,84.2,Partly cloudy,2.2,3.6,78,ENE,1012,29.88,0.03,0,84,75,32.3,90.1,10,6,6,7,11.2,220.3,41.8,4.6,5.3,1.1,1.6,1,1,5:36 AM,6:02 PM,12:58 PM,12:48 AM,Waxing Gibbous,55,2024,5,Spring
,Haiti,Port-Au-Prince,18.54,-72.34,1715868000,30,86,Partly cloudy,4.3,6.8,110,ESE,1015,29.96,0.03,0,61,25,33.7,92.6,8,4,7,8.7,14,827.8,147.3,5.4,11.3,19,34,2,2,6:15 AM,7:17 PM,1:47 PM,1:58 AM,Waxing Gibbous,55,2024,5,Spring
,Vatican City,Vatican City,41.9,12.45,1715868000,22,71.6,Partly cloudy,12.5,20.2,230,SW,1005,29.68,0,0,69,25,24.5,76,10,6,6,17,27.4,227,98.7,2.8,2.6,63,78.8,3,8,5:49 AM,8:25 PM,1:28 PM,2:45 AM,Waxing Gibbous,55,2024,5,Spring
,Honduras,Tegucigalpa,14.1,-87.22,1715868000,25,77,Partly cloudy,2.5,4,30,NNE,1018,30.06,0.01,0,69,75,26.5,79.6,10,6,6,3.6,5.8,554.1,18.2,6.9,1,19,29.4,2,2,5:22 AM,6:09 PM,12:52 PM,12:55 AM,Waxing Gibbous,55,2024,5,Spring
,Hungary,Budapest,47.5,19.08,1715868000,22,71.6,Sunny,19.2,31,100,E,1014,29.94,0,0,38,0,24.4,75.8,10,6,5,23.7,38.2,195.3,87.3,2.4,1.5,2.1,2.4,1,1,5:05 AM,8:16 PM,12:50 PM,2:29 AM,Waxing Gibbous,55,2024,5,Spring
,Iceland,Grindavik,63.83,-22.43,1715868000,9,48.2,Partly cloudy,11.9,19.1,220,SW,1014,29.94,0.09,0,66,75,7.1,44.8,10,6,2,16.3,26.3,205.3,94.4,0.2,0.1,0.5,0.6,1,1,4:14 AM,10:41 PM,12:55 PM,4:14 AM,Waxing Gibbous,55,2024,5,Spring
,India,New Delhi,28.6,77.2,1715868000,38,100.4,Mist,6.9,11.2,50,NE,1005,29.68,0,0,23,0,37.1,98.7,3.5,2,1,8.3,13.4,741,120.2,22.6,22.9,44,80.8,3,5,5:30 AM,7:06 PM,12:47 PM,1:30 AM,Waxing Gibbous,55,2024,5,Spring
,Indonesia,Jakarta,-6.21,106.85,1715868000,29,84.2,Mist,9.4,15.1,100,E,1010,29.83,2.05,0.08,84,75,34.5,94.2,5,3,1,13.9,22.3,19653.301,0,224.8,89.7,492.5,621.5,6,10,5:54 AM,5:44 PM,12:50 PM,12:15 AM,Waxing Gibbous,55,2024,5,Spring
,Iran,Tehran,35.73,51.33,1715868000,26,78.8,Partly cloudy,16.1,25.9,300,WNW,1015,29.98,0,0,17,25,24.5,76,10,6,6,20.6,33.1,433.9,53.6,59,21.7,5.1,11,1,1,4:59 AM,7:04 PM,12:25 PM,1:26 AM,Waxing Gibbous,55,2024,5,Spring
,Iraq,Baghdad,33.34,44.39,1715868000,35,95,Partly cloudy,11.9,19.1,20,NNE,1010,29.83,0,0,16,50,33.2,91.7,10,6,8,15.5,24.9,250.3,176,8,8.7,14.5,41.1,1,2,5:02 AM,6:57 PM,12:27 PM,1:20 AM,Waxing Gibbous,55,2024,5,Spring
,Ireland,Dublin,53.33,-6.25,1715868000,19,66.2,Partly cloudy,9.4,15.1,50,NE,1007,29.74,0,0,64,75,19,66.2,10,6,4,13.9,22.3,198.6,88.7,8.7,4.8,3.1,3.9,1,1,5:23 AM,9:21 PM,1:23 PM,3:27 AM,Waxing Gibbous,55,2024,5,Spring
,Israel,Jerusalem,31.78,35.23,1715868000,25,77,Sunny,13.6,22,320,NW,1017,30.03,0,0,51,0,25.2,77.4,10,6,6,25.1,40.4,190.3,123,4.4,1.9,6.5,9.4,1,1,5:42 AM,7:30 PM,1:07 PM,1:55 AM,Waxing Gibbous,55,2024,5,Spring
,Italy,Rome,41.9,12.48,1715868000,22,71.6,Partly cloudy,12.5,20.2,230,SW,1005,29.68,0,0,69,25,24.5,76,10,6,6,17,27.4,227,98.7,2.8,2.6,63,78.8,3,8,5:49 AM,8:25 PM,1:28 PM,2:45 AM,Waxing Gibbous,55,2024,5,Spring
,Jamaica,Norman Gardens,17.97,-76.75,1715868000,31,87.8,Partly cloudy,11.9,19.1,130,SE,1014,29.94,0,0,66,25,34.6,94.2,10,6,8,16.3,26.3,467.3,38.3,3.8,6.1,2.9,7.4,1,1,5:34 AM,6:33 PM,1:05 PM,1:16 AM,Waxing Gibbous,55,2024,5,Spring
,Japan,Tokyo,35.69,139.69,1715868000,18.3,64.9,Clear,11.9,19.1,190,S,1005,29.68,0,0,44,0,18.3,64.9,16,9,1,34.6,55.7,277,103,25,15.1,9.5,11.9,1,1,4:35 AM,6:40 PM,11:48 AM,12:56 AM,Waxing Gibbous,55,2024,5,Spring
,Jordan,Amman,31.95,35.93,1715868000,25,77,Sunny,13.6,22,320,NW,1020,30.12,0,0,21,0,24.7,76.5,7,4,6,18.5,29.7,181.9,140.2,3.9,3,6.7,10.5,1,1,5:39 AM,7:28 PM,1:04 PM,1:53 AM,Waxing Gibbous,55,2024,5,Spring
,Kazakhstan,Astana,51.18,71.43,1715868000,15,59,Sunny,11.9,19.1,80,E,1020,30.12,0,0,41,0,14,57.3,10,6,5,12.1,19.4,223.6,84.4,6.5,22.2,5,5.1,1,1,4:22 AM,8:00 PM,12:02 PM,2:08 AM,Waxing Gibbous,55,2024,5,Spring
,Kenya,Nairobi,-1.28,36.82,1715868000,25,77,Partly cloudy,6.9,11.2,200,SSW,1020,30.12,0.95,0.04,54,75,27,80.7,10,6,6,8.5,13.6,881.2,91.6,7.1,8.8,18.2,40.2,2,2,6:27 AM,6:31 PM,1:34 PM,1:09 AM,Waxing Gibbous,55,2024,5,Spring
,Kiribati,Tarawa,-0.88,169.53,1715868000,28.8,83.8,Patchy rain nearby,10.7,17.3,42,NE,1006,29.71,0.01,0,77,69,33.5,92.4,10,6,1,14.4,23.2,217,10.2,0,0,1.3,3.1,1,1,6:36 AM,6:40 PM,1:27 PM,1:03 AM,Waxing Gibbous,55,2024,5,Spring
,Kuwait,Kuwait City,29.37,47.96,1715868000,29,84.2,Sunny,13.6,22,40,NE,1006,29.72,0,0,51,0,30.3,86.6,16,9,8,28.8,46.4,440.6,53.6,63.1,15.7,19.6,40.9,2,2,4:55 AM,6:34 PM,12:17 PM,1:00 AM,Waxing Gibbous,55,2024,5,Spring
,Kyrghyzstan,Bishkek,42.87,74.6,1715868000,15.3,59.6,Light rain,8.3,13.3,306,NW,1022,30.18,1.23,0.05,97,100,15.3,59.6,9,5,4,9.5,15.3,223.6,63.7,5.4,1.5,1.3,1.7,1,1,5:38 AM,8:19 PM,1:07 PM,2:34 AM,Waxing Gibbous,55,2024,5,Spring
,Indonesia,Laos,-8.18,114.32,1715868000,20.7,69.2,Patchy rain nearby,2.7,4.3,172,S,1013,29.92,0.25,0.01,95,75,20.7,69.2,9,5,1,5.6,9.1,988,13.2,14.6,2.7,22.7,36.4,2,2,5:27 AM,5:11 PM,12:21 PM,No moonset,Waxing Gibbous,55,2024,5,Spring
,Latvia,Riga,56.95,24.1,1715868000,21,69.8,Sunny,3.8,6.1,280,W,1024,30.24,0,0,40,0,21,69.8,10,6,5,4.3,7,270.4,75.1,8.2,3,13.2,15.1,1,2,5:03 AM,9:39 PM,1:05 PM,3:37 AM,Waxing Gibbous,55,2024,5,Spring
,Lebanon,Beirut,33.87,35.51,1715868000,23,73.4,Sunny,4.3,6.8,280,W,1020,30.12,0,0,61,0,24.9,76.7,10,6,6,5.4,8.7,205.3,110.2,0.9,2.3,8.3,15,1,1,5:36 AM,7:34 PM,1:03 PM,1:57 AM,Waxing Gibbous,55,2024,5,Spring
,Lesotho,Maseru,-29.32,27.48,1715868000,23.4,74.1,Sunny,11.4,18.4,213,SSW,1021,30.16,0,0,24,4,23.3,73.9,10,6,7,13.1,21.1,240.3,63.7,1.1,1,9.8,21,1,1,6:47 AM,5:25 PM,1:39 PM,12:14 AM,Waxing Gibbous,55,2024,5,Spring
,Liberia,Monrovia,6.31,-10.8,1715868000,31,87.8,Partly cloudy,5.6,9,230,SW,1012,29.88,0,0,75,75,37.5,99.6,10,6,7,8.2,13.2,320.4,41.5,0.2,0.1,0.8,3.6,1,1,6:27 AM,6:52 PM,1:43 PM,1:33 AM,Waxing Gibbous,55,2024,5,Spring
,Thailand,Nan,18.78,100.78,1715868000,27,80.6,Clear,2.2,3.6,252,WSW,1008,29.77,0.16,0.01,89,0,29.5,85.2,10,6,1,3.5,5.6,527.4,8,5.7,1.6,8,9.1,1,1,5:43 AM,6:44 PM,12:50 PM,1:10 AM,Waxing Gibbous,55,2024,5,Spring
,Liechtenstein,Vaduz,47.13,9.52,1715868000,19,66.2,Partly cloudy,8.1,13,270,W,1004,29.65,0.92,0.04,60,25,19,66.2,10,6,3,12.5,20.2,185.3,79.4,1.5,0.3,1.4,1.5,1,1,5:45 AM,8:53 PM,1:31 PM,3:08 AM,Waxing Gibbous,55,2024,5,Spring
,Lithuania,Vilnius,54.68,25.32,1715868000,18,64.4,Sunny,8.1,13,150,SSE,1025,30.27,0.01,0,34,0,18,64.4,10,6,4,12.5,20.2,201.9,88,1.8,1.2,2.3,3.1,1,1,5:11 AM,9:21 PM,1:07 PM,3:24 AM,Waxing Gibbous,55,2024,5,Spring
,Luxembourg,Luxembourg,49.61,6.13,1715868000,17,62.6,Partly cloudy,10.5,16.9,260,W,1006,29.71,0.03,0,63,50,17,62.6,10,6,4,10.8,17.4,195.3,54.4,7.2,0.2,1.7,1.8,1,1,5:49 AM,9:16 PM,1:40 PM,3:27 AM,Waxing Gibbous,55,2024,5,Spring
,Madagascar,Antananarivo,-18.92,47.52,1715868000,19,66.2,Partly cloudy,11.9,19.1,130,SE,1023,30.21,0,0,64,50,19,66.2,10,6,6,14.7,23.6,377.2,42.6,1.6,1.7,3.5,7.8,1,1,6:10 AM,5:23 PM,1:06 PM,12:05 AM,Waxing Gibbous,55,2024,5,Spring
,Malawi,Lilongwe,-13.98,33.78,1715868000,24,75.2,Partly cloudy,9.4,15.1,230,SW,1021,30.15,0,0,47,75,24.9,76.9,10,6,7,10.3,16.6,227,42.2,0.3,0.4,0.7,2,1,1,5:58 AM,5:25 PM,12:57 PM,12:07 AM,Waxing Gibbous,55,2024,5,Spring
,Malaysia,Kuala Lumpur,3.17,101.7,1715868000,25,77,Patchy light rain with thunder,2.2,3.6,10,N,1010,29.83,0.02,0,100,50,27.9,82.3,6,3,1,5.7,9.1,8972.2,0,131.6,103,131.5,155.7,4,10,7:02 AM,7:18 PM,2:02 PM,1:47 AM,Waxing Gibbous,55,2024,5,Spring
,Maldives,Felidhoo,3.48,73.53,1715868000,29.6,85.3,Partly Cloudy,13.9,22.3,279,W,1009,29.8,0,0,77,38,35.7,96.2,10,6,1,19.1,30.8,212,27.9,0,0.1,1.2,4.1,1,1,5:54 AM,6:11 PM,12:58 PM,12:43 AM,Waxing Gibbous,55,2024,5,Spring
,Mali,Bamako,12.65,-8,1715868000,31,87.8,Partly cloudy,12.5,20.2,240,WSW,1013,29.91,0.01,0,55,25,29.7,85.5,10,6,8,17,27.4,333.8,21.5,0.3,0.4,1.2,2.4,1,1,6:07 AM,6:50 PM,1:26 PM,1:29 AM,Waxing Gibbous,55,2024,5,Spring
,Malta,Valletta,35.9,14.51,1715868000,26,78.8,Sunny,6.9,11.2,40,NE,1006,29.71,0,0,61,0,28.6,83.4,9,5,5,25.3,40.8,230.3,83,2.5,0.8,33.5,71.6,2,3,5:56 AM,8:02 PM,1:28 PM,2:26 AM,Waxing Gibbous,55,2024,5,Spring
,Marshall Islands,Majuro,7.1,171.38,1715868000,28,82.4,Overcast,10.5,16.9,70,ENE,1009,29.79,1.61,0.06,84,100,33,91.4,24,14,1,30,48.3,181.9,37.6,0,0.1,2.1,5.3,1,1,6:17 AM,6:44 PM,1:11 PM,1:05 AM,Waxing Gibbous,55,2024,5,Spring
,Mauritania,Nouakchott,18.09,-15.98,1715868000,22.7,72.8,Sunny,16.1,25.9,294,WNW,1011,29.86,0,0,65,0,24.8,76.7,10,6,6,30.1,48.5,201.9,74.4,0.2,0.5,28.3,139.7,2,3,6:30 AM,7:31 PM,1:54 PM,2:07 AM,Waxing Gibbous,55,2024,5,Spring
,Mauritius,Port Louis,-20.16,57.5,1715868000,24,75.2,Overcast,13.6,22,130,SE,1019,30.09,0.01,0,74,50,25.8,78.5,10,6,1,24.7,39.7,233.7,43.3,2.4,1.5,2.7,9.1,1,1,6:32 AM,5:41 PM,1:27 PM,12:22 AM,Waxing Gibbous,55,2024,5,Spring
,Mexico,Mexico City,19.43,-99.13,1715868000,13,55.4,Sunny,4.3,6.8,60,ENE,1028,30.36,0,0,67,0,13.6,56.4,8,4,5,8.7,14,1602.2,1,51.4,20,54.3,72.4,3,7,6:01 AM,7:05 PM,1:37 PM,1:49 AM,Waxing Gibbous,55,2024,5,Spring
,Micronesia,Palikir,6.92,158.15,1715868000,25,77,Overcast,2.5,4,190,S,1011,29.85,0.36,0.01,94,100,26.9,80.5,24,14,1,8.9,14.4,178.6,24,0,0,0.5,1.2,1,1,6:10 AM,6:37 PM,1:06 PM,12:59 AM,Waxing Gibbous,55,2024,5,Spring
,Iran,Chi Chi Khvar,36.26,46.59,1715868000,17.2,62.9,Sunny,11.4,18.4,221,SW,1015,29.98,0,0,44,18,17.2,62.9,10,6,5,13.1,21.1,183.6,117.3,0.8,0.6,4.3,14.3,1,1,5:17 AM,7:24 PM,12:44 PM,1:46 AM,Waxing Gibbous,55,2024,5,Spring
,Monaco,Monaco,43.73,7.42,1715868000,20,68,Partly cloudy,18.6,29.9,210,SSW,1004,29.65,0.4,0.02,73,25,20,68,10,6,4,23,37.1,195.3,91.6,1.2,0.4,1.9,2.2,1,1,6:04 AM,8:50 PM,1:46 PM,3:09 AM,Waxing Gibbous,55,2024,5,Spring
,Mongolia,Ulaanbaatar,47.92,106.92,1715868000,16,60.8,Clear,6.9,11.2,210,SSW,1006,29.71,0,0,36,0,16,60.8,10,6,1,10.6,17,180.2,50.1,2.7,5.1,1.1,1.2,1,1,5:13 AM,8:25 PM,12:41 PM,2:35 AM,Waxing Gibbous,55,2024,5,Spring
,Montenegro,Podgorica,42.44,19.26,1715868000,24,75.2,Sunny,2.2,3.6,190,S,1010,29.83,0,0,57,0,25.5,77.9,10,6,6,3.9,6.2,185.3,91.6,0.4,0.3,1.9,6.8,1,1,5:20 AM,7:59 PM,12:58 PM,2:18 AM,Waxing Gibbous,55,2024,5,Spring
,Morocco,Rabat,34.03,-6.84,1715868000,20,68,Partly cloudy,11.9,19.1,350,N,1013,29.91,0,0,53,50,20,68,7,4,5,14.4,23.2,185.3,117.3,0.2,0.8,2.2,7.1,1,1,6:25 AM,8:23 PM,1:59 PM,2:50 AM,Waxing Gibbous,55,2024,5,Spring
,Mozambique,Maputo,-25.97,32.59,1715868000,26,78.8,Partly cloudy,9.4,15.1,100,E,1020,30.12,0,0,61,25,27.2,80.9,10,6,7,9.9,15.9,360.5,47.9,1.1,1.2,5.9,24.2,1,1,6:21 AM,5:11 PM,1:14 PM,No moonset,Waxing Gibbous,55,2024,5,Spring
,Myanmar,Pathein,16.78,94.73,1715868000,30.3,86.6,Clear,8.9,14.4,285,WNW,1008,29.75,0,0,71,11,35.9,96.7,10,6,1,12.2,19.7,247,25,0.4,0.1,3.2,5.9,1,1,5:40 AM,6:35 PM,12:48 PM,1:02 AM,Waxing Gibbous,55,2024,5,Spring
,Namibia,Windhoek,-22.57,17.08,1715868000,24,75.2,Sunny,12.5,20.2,70,ENE,1029,30.39,0,0,24,0,23.3,73.9,10,6,7,19,30.6,223.6,69.4,0.3,1.5,6.3,8.5,1,1,7:18 AM,6:18 PM,2:14 PM,1:06 AM,Waxing Gibbous,55,2024,5,Spring
,Turkey,Yaren,39.55,27.62,1715868000,21,69.8,Sunny,6.9,11.2,340,NNW,1020,30.12,0,0,46,0,21,69.8,10,6,5,12.5,20.1,203.6,110.2,1.2,1.4,8.7,9.6,1,1,5:54 AM,8:18 PM,1:28 PM,2:39 AM,Waxing Gibbous,55,2024,5,Spring
,Nepal,Kathmandu,27.72,85.32,1715868000,25,77,Partly cloudy,5.6,9,200,SSW,1016,30,0,0,57,25,25,77,8,4,1,10.1,16.2,620.8,65.1,13.2,3.6,33.6,56.4,2,3,5:14 AM,6:46 PM,12:29 PM,1:10 AM,Waxing Gibbous,55,2024,5,Spring
,Netherlands,Amsterdam,52.37,4.89,1715868000,20,68,Partly cloudy,12.5,20.2,180,S,1003,29.62,2.42,0.1,68,50,20,68,10,6,4,17,27.4,263.7,29,32.9,3.2,12.1,13,1,2,5:43 AM,9:32 PM,1:39 PM,3:40 AM,Waxing Gibbous,55,2024,5,Spring
,New Zealand,Wellington,-41.3,174.78,1715868000,12,53.6,Partly cloudy,15,24.1,170,S,1022,30.18,0,0,67,75,10.4,50.7,10,6,1,19.5,31.3,223.6,41.8,0.4,0.3,1.6,4.8,1,1,7:24 AM,5:11 PM,1:57 PM,No moonset,Waxing Gibbous,55,2024,5,Spring
,Nicaragua,Managua,12.15,-86.27,1715868900,28,82.4,Overcast,4.3,6.8,360,N,1010,29.83,0,0,84,50,31.8,89.2,9,5,7,4.4,7.1,467.3,10.6,10.1,6.5,12.5,17.7,1,2,5:21 AM,6:02 PM,12:49 PM,12:49 AM,Waxing Gibbous,55,2024,5,Spring
,Niger,Niamey,13.52,2.12,1715868000,40,104,Sunny,18.6,29.9,280,W,1009,29.8,0,0,23,0,40.9,105.6,7,4,10,23,37.1,303.8,37.9,0.3,0.4,42.4,216.4,3,5,6:25 AM,7:11 PM,1:44 PM,1:48 AM,Waxing Gibbous,55,2024,5,Spring
,Nigeria,Abuja,9.18,7.18,1715868900,35.2,95.3,Partly Cloudy,6.3,10.1,210,SSW,1007,29.74,0,0,43,32,39.2,102.6,10,6,9,7.2,11.6,440.6,36.8,0.4,0.1,7.7,14.5,1,1,6:11 AM,6:44 PM,1:27 PM,1:22 AM,Waxing Gibbous,55,2024,5,Spring
,North Korea,Pyongyang,39.02,125.75,1715868900,11.6,52.9,Clear,3.8,6.1,163,SSE,1010,29.81,0,0,46,14,11.3,52.3,10,6,1,7.9,12.7,287.1,90.1,4.6,4.1,22.6,28,2,2,5:24 AM,7:44 PM,12:40 PM,1:59 AM,Waxing Gibbous,55,2024,5,Spring
,Macedonia,Skopje,42,21.43,1715868000,14,57.2,Overcast,5.6,9,140,SE,1019,30.09,0,0,94,100,12.6,54.8,10,6,4,13.4,21.6,207,90.8,3,7,5.2,5.4,1,1,5:13 AM,7:50 PM,12:50 PM,2:08 AM,Waxing Gibbous,55,2024,5,Spring
,Norway,Oslo,59.92,10.75,1715868900,18,64.4,Sunny,28.6,46.1,150,SSE,1017,30.03,0,0,42,0,18,64.4,10,6,5,33.1,53.3,190.3,114.4,5.2,6,7.1,7.9,1,1,4:36 AM,9:52 PM,12:51 PM,3:43 AM,Waxing Gibbous,55,2024,5,Spring
,Oman,Muscat,23.61,58.59,1715868900,33,91.4,Sunny,5.6,9,80,E,1007,29.74,0,0,59,0,37.9,100.2,10,6,8,10.1,16.2,198.6,121.6,0.9,2.1,28.1,76.6,2,3,5:23 AM,6:41 PM,12:40 PM,1:09 AM,Waxing Gibbous,55,2024,5,Spring
,Pakistan,Islamabad,33.7,73.17,1715868000,33,91.4,Sunny,7.2,11.5,331,NNW,1006,29.71,0,0,22,0,31.2,88.1,10,6,8,13.4,21.5,1255,47.2,67.9,4.3,26.9,46,2,3,5:06 AM,7:02 PM,12:27 PM,1:24 AM,Waxing Gibbous,55,2024,5,Spring
,Palau,Meyungs,7.35,134.45,1715868900,27,80.6,Partly cloudy,2.2,3.6,10,N,1011,29.85,0.01,0,89,50,30.6,87.1,23,14,1,13.7,22.1,176.9,23.6,0.1,0.1,0.7,2.4,1,1,5:45 AM,6:12 PM,12:43 PM,12:37 AM,Waxing Gibbous,55,2024,5,Spring
,Bolivia,National,-11.18,-67.08,1715868900,26,78.8,Sunny,2.2,3.6,53,NE,1015,29.97,0,0,55,7,26.9,80.4,10,6,8,2.3,3.7,195.3,5.3,0,0,1.4,1.4,1,1,6:37 AM,6:12 PM,1:49 PM,1:07 AM,Waxing Gibbous,55,2024,5,Spring
,Panama,Panama City,8.97,-79.53,1715868900,28,82.4,Moderate or heavy rain shower,5.6,9,130,SE,1011,29.85,0.33,0.01,84,50,32.1,89.8,8,4,6,5.9,9.5,540.7,11.8,11,10.5,2.3,2.7,1,1,5:58 AM,6:31 PM,1:24 PM,1:18 AM,Waxing Gibbous,55,2024,5,Spring
,Papua New Guinea,Port Moresby,-9.46,147.19,1715868900,24,75.2,Partly cloudy,2.2,3.6,111,ESE,1009,29.8,0.08,0,100,25,26.5,79.6,10,6,1,9.4,15.1,243.7,8.1,13.4,12.2,4.2,4.8,1,1,6:17 AM,5:58 PM,1:08 PM,12:24 AM,Waxing Gibbous,55,2024,5,Spring
,Paraguay,Pasto,-19.45,-61.15,1715868900,24.5,76.1,Sunny,16.3,26.3,351,N,1011,29.85,0,0,50,7,25.5,77.9,10,6,7,18.8,30.2,277,14.3,0.1,0,6.8,6.9,1,1,6:25 AM,5:37 PM,1:31 PM,12:34 AM,Waxing Gibbous,55,2024,5,Spring
,Peru,Lima,-12.05,-77.05,1715868000,19,66.3,Sunny,4.5,7.2,184,S,1015,29.96,0,0,81,19,19,66.3,10,6,6,5.3,8.5,701,16.3,27.4,20,21.5,40,2,2,6:18 AM,5:51 PM,1:30 PM,12:47 AM,Waxing Gibbous,55,2024,5,Spring
,Philippines,Manila,14.6,120.98,1715868000,31,87.8,Partly cloudy,8.1,13,120,ESE,1010,29.83,0.49,0.02,71,50,38.1,100.6,10,6,1,9.5,15.2,1401.9,22,45.2,23.6,42.4,63.7,3,5,5:28 AM,6:17 PM,12:31 PM,12:41 AM,Waxing Gibbous,55,2024,5,Spring
,Poland,Warsaw,52.25,21,1715868000,21,69.8,Sunny,19.2,31,120,ESE,1019,30.09,0,0,28,0,21,69.8,10,6,5,23.7,38.2,210.3,98.7,1.5,2.3,3.3,3.9,1,1,4:39 AM,8:27 PM,12:31 PM,2:34 AM,Waxing Gibbous,55,2024,5,Spring
,Portugal,Lisbon,38.72,-9.13,1715868900,19,66.2,Partly cloudy,12.5,20.2,240,WSW,1012,29.88,0,0,60,75,19,66.2,10,6,5,13.4,21.5,191.9,94.4,1.7,1.3,1.4,3.7,1,1,6:23 AM,8:43 PM,2:03 PM,3:07 AM,Waxing Gibbous,55,2024,5,Spring
,Qatar,Doha,25.29,51.53,1715868900,35,95,Sunny,11.9,19.1,90,E,1006,29.71,0,0,35,0,37.1,98.8,10,6,8,27.1,43.6,287.1,34,56.2,55.8,30.2,121.4,2,3,4:48 AM,6:12 PM,12:07 PM,12:39 AM,Waxing Gibbous,55,2024,5,Spring
,Romania,Bucharest,44.43,26.1,1715868900,20,68,Sunny,11.9,19.1,90,E,1021,30.15,0,0,32,0,20,68,10,6,5,13.9,22.3,223.6,93,4.3,1.9,2.9,3.7,1,1,5:47 AM,8:38 PM,1:27 PM,2:54 AM,Waxing Gibbous,55,2024,5,Spring
,Russia,Moscow,55.75,37.62,1715868900,20,68,Sunny,9.4,15.1,270,W,1020,30.12,0.01,0,37,0,20,68,10,6,4,10.2,16.5,280.4,65.8,37.4,23.8,5,7,1,1,4:15 AM,8:37 PM,12:12 PM,2:38 AM,Waxing Gibbous,55,2024,5,Spring
,Rwanda,Kigali,-1.95,30.06,1715868900,28,82.4,Partly cloudy,6.9,11.2,130,SE,1018,30.06,0.22,0.01,42,50,30.3,86.6,10,6,6,11.4,18.4,300.4,30.4,1.1,1,3.6,6,1,1,5:55 AM,5:57 PM,1:02 PM,12:36 AM,Waxing Gibbous,55,2024,5,Spring
,Saint Kitts and Nevis,Basseterre,17.3,-62.72,1715868900,30,86,Partly cloudy,9.4,15.1,90,E,1015,29.97,0,0,75,50,35.9,96.6,10,6,7,14.7,23.6,217,36.1,0.6,0.7,1.2,3.8,1,1,5:39 AM,6:36 PM,1:08 PM,1:18 AM,Waxing Gibbous,55,2024,5,Spring
,Saint Lucia,Castries,14,-61,1715868000,30,86,Partly cloudy,12.5,20.2,100,E,1015,29.97,0.01,0,70,75,34.3,93.8,10,6,6,15.6,25.1,230.3,23.6,0.1,0.1,1.2,3.8,1,1,5:37 AM,6:24 PM,1:04 PM,1:07 AM,Waxing Gibbous,55,2024,5,Spring
,Saint Vincent and the Grenadines,Kingstown,13.13,-61.22,1715868900,30,86,Partly cloudy,20.6,33.1,100,E,1014,29.94,0,0,75,25,36.1,97,10,6,7,25.1,40.3,247,32.2,0.8,1.3,3.8,14.6,1,1,5:39 AM,6:24 PM,1:05 PM,1:07 AM,Waxing Gibbous,55,2024,5,Spring
,Samoa,Apia,-13.83,-171.73,1715868900,27,80.6,Moderate rain,8.1,13,80,E,1009,29.8,0.44,0.02,89,75,30.3,86.5,9,5,1,21.1,33.9,207,40.1,0.4,0.2,1.6,3.2,1,1,6:39 AM,6:07 PM,1:24 PM,12:29 AM,Waxing Gibbous,55,2024,5,Spring
,San Marino,San Marino,43.93,12.45,1715868900,20,68,Partly cloudy,13.6,22,100,E,1003,29.62,0.66,0.03,88,25,20,68,8,4,4,18.4,29.7,208.6,91.6,2.6,1.5,13.8,26.6,1,2,5:43 AM,8:31 PM,1:25 PM,2:49 AM,Waxing Gibbous,55,2024,5,Spring
,Belgium,'S Gravenstaffel,50.88,2.98,1715868900,14,57.2,Overcast,8.1,13,260,W,1005,29.68,0.1,0,94,100,13.6,56.5,5,3,4,12.5,20.2,195.3,80.8,1.6,0.4,1.8,2.1,1,1,5:57 AM,9:33 PM,1:50 PM,3:43 AM,Waxing Gibbous,55,2024,5,Spring
,Saudi Arabia,Riyadh,24.64,46.77,1715868900,41,105.8,Sunny,9.4,15.1,200,SSW,1008,29.77,0,0,7,0,41.4,106.6,10,6,10,14.7,23.6,220.3,100.1,14.2,21,27.1,110.4,2,3,5:09 AM,6:30 PM,12:27 PM,12:58 AM,Waxing Gibbous,55,2024,5,Spring
,Senegal,Dakar,14.67,-17.44,1715868900,26,78.8,Partly cloudy,9.4,15.1,320,NW,1013,29.91,0,0,70,50,28.2,82.8,10,6,6,16.1,25.9,198.6,78,0.4,0.9,12.1,70.8,1,2,6:41 AM,7:31 PM,2:03 PM,2:09 AM,Waxing Gibbous,55,2024,5,Spring
,Serbia,Belgrade,44.8,20.47,1715868000,20,68,Partly cloudy,26.6,42.8,120,ESE,1013,29.91,0.08,0,56,25,20,68,10,6,4,31.1,50,208.6,85.8,1.9,5.4,2.7,3.1,1,1,5:08 AM,8:01 PM,12:49 PM,2:18 AM,Waxing Gibbous,55,2024,5,Spring
,Seychelles Islands,Victoria,-4.62,55.45,1715868900,28,82.4,Partly cloudy,6.9,11.2,310,NW,1008,29.77,1.99,0.08,84,50,32.8,91.1,10,6,7,21.2,34.1,243.7,41.5,0.2,0.3,2,5.9,1,1,6:17 AM,6:11 PM,1:20 PM,12:49 AM,Waxing Gibbous,55,2024,5,Spring
,Sierra Leone,Freetown,8.49,-13.23,1715868900,29,84.2,Partly cloudy,10.5,16.9,240,WSW,1011,29.85,0.01,0,79,75,32.6,90.6,10,6,6,15,24.1,347.1,24.3,0.6,0.1,1.9,3,1,1,6:34 AM,7:05 PM,1:51 PM,1:46 AM,Waxing Gibbous,55,2024,5,Spring
,Singapore,Singapore,1.29,103.86,1715868900,27,80.6,Partly cloudy,2.2,3.6,80,E,1011,29.85,0,0,94,75,30.3,86.5,10,6,1,12.7,20.5,1842.5,0,30.2,51,19,23.6,2,2,6:56 AM,7:06 PM,1:55 PM,1:36 AM,Waxing Gibbous,55,2024,5,Spring
,Slovakia,Bratislava,48.15,17.12,1715868000,17,62.6,Light rain,16.1,25.9,170,S,1013,29.91,0.01,0,72,75,17,62.6,10,6,4,24.7,39.7,193.6,88.7,2,1.1,1.7,2,1,1,5:11 AM,8:26 PM,12:57 PM,2:39 AM,Waxing Gibbous,55,2024,5,Spring
,Slovenia,Ljubljana,46.06,14.51,1715868900,17,62.6,Partly cloudy,13.6,22,110,ESE,1009,29.8,0.64,0.03,72,75,17,62.6,10,6,3,18.1,29.2,200.3,66.5,2.5,0.6,1.6,1.9,1,1,5:28 AM,8:29 PM,1:12 PM,2:45 AM,Waxing Gibbous,55,2024,5,Spring
,Solomon Islands,Honiara,-9.43,159.95,1715868900,25.8,78.5,Patchy rain nearby,8.7,14,131,SE,1010,29.82,0.14,0.01,89,85,29.1,84.3,10,6,1,12.6,20.3,212,26.5,0.6,0.3,0.5,0.6,1,1,6:26 AM,6:07 PM,1:16 PM,12:31 AM,Waxing Gibbous,55,2024,5,Spring
,Somalia,Mogadishu,2.07,45.37,1715868900,30,86,Partly cloudy,17.4,28.1,200,SSW,1010,29.83,0.21,0.01,75,50,36.9,98.4,10,6,6,25.5,41.1,247,37.2,0.1,0.2,4.1,10.9,1,1,5:49 AM,6:01 PM,12:55 PM,12:37 AM,Waxing Gibbous,55,2024,5,Spring
,South Africa,Pretoria,-25.75,28.19,1715868900,26,78.8,Sunny,4.3,6.8,120,ESE,1027,30.33,0,0,23,0,24.5,76,10,6,8,7.5,12,367.2,111.6,12.2,41.5,23,39.3,2,2,6:38 AM,5:29 PM,1:32 PM,12:16 AM,Waxing Gibbous,55,2024,5,Spring
,South Korea,Seoul,37.57,127,1715868900,13,55.4,Clear,4.3,6.8,200,SSW,1011,29.85,0,0,88,0,12.6,54.7,10,6,1,7.9,12.6,821.1,0,94.6,22.2,21.1,25.7,2,2,5:22 AM,7:36 PM,12:37 PM,1:51 AM,Waxing Gibbous,55,2024,5,Spring
,Sudan,Juba,12.15,24.45,1715868900,37.5,99.5,Sunny,14.5,23.4,60,ENE,1008,29.78,0,0,7,9,36.4,97.4,10,6,9,16.7,26.9,175.2,90.8,0.1,0.1,23.8,118.7,2,2,5:58 AM,6:39 PM,1:13 PM,1:15 AM,Waxing Gibbous,55,2024,5,Spring
,Spain,Madrid,40.4,-3.68,1715868900,18,64.4,Sunny,15,24.1,240,WSW,1009,29.8,0,0,39,0,18,64.4,10,6,5,19.5,31.3,183.6,88,2.8,0.1,0.5,0.9,1,1,6:57 AM,9:26 PM,2:37 PM,3:48 AM,Waxing Gibbous,55,2024,5,Spring
,Sri Lanka,Colombo,6.93,79.85,1715868900,26,78.8,Moderate rain,3.8,6.1,20,NNE,1009,29.8,0.05,0,94,75,29.2,84.5,9,5,1,10.6,17.1,323.8,42.2,17.3,10.1,3,4.9,1,1,5:54 AM,6:20 PM,12:59 PM,12:51 AM,Waxing Gibbous,55,2024,5,Spring
,Sudan,Khartoum,15.59,32.53,1715868900,38.4,101.1,Sunny,7.6,12.2,340,NNW,1007,29.75,0,0,6,4,37.6,99.6,10,6,9,8.7,14.1,210.3,134.5,0.9,1.9,17.6,75.5,2,2,5:20 AM,6:12 PM,12:36 PM,12:45 AM,Waxing Gibbous,55,2024,5,Spring
,Suriname,Paramaribo,5.83,-55.17,1715868900,31,87.8,Partly cloudy,5.6,9,90,E,1012,29.88,0.01,0,75,50,35.7,96.2,10,6,7,6.4,10.4,212,31.1,0.1,0.1,1.4,2.3,1,1,6:25 AM,6:49 PM,1:46 PM,1:35 AM,Waxing Gibbous,55,2024,5,Spring
,Sweden,Stockholm,59.33,18.05,1715868900,22,71.6,Sunny,11.9,19.1,230,SW,1024,30.24,0,0,35,0,24.2,75.6,10,6,5,12.1,19.5,213.6,97.3,5.2,6,3.7,4.6,1,1,4:12 AM,9:18 PM,12:22 PM,3:11 AM,Waxing Gibbous,55,2024,5,Spring
,Switzerland,Bern,46.92,7.47,1715868900,12,53.6,Moderate rain,6.9,11.2,210,SSW,1006,29.71,0.41,0.02,100,100,12.5,54.4,10,6,3,11.4,18.4,200.3,84.4,2.1,0.7,1.1,1.2,1,1,5:54 AM,9:00 PM,1:40 PM,3:16 AM,Waxing Gibbous,55,2024,5,Spring
,Syria,Damascus,33.5,36.3,1715868900,29,84.2,Sunny,13.6,22,300,WNW,1016,30,0,0,14,0,26.9,80.4,10,6,7,20.1,32.3,185.3,121.6,5.9,8.5,7,9.2,1,1,5:34 AM,7:30 PM,1:01 PM,1:54 AM,Waxing Gibbous,55,2024,5,Spring
,Tajikistan,Dushanbe,38.56,68.77,1715868900,26,78.8,Patchy light rain with thunder,9.4,15.1,270,W,1015,29.97,0.01,0,54,50,27.4,81.4,10,6,4,9.4,15.1,207,66.5,0.8,2,5,9.5,1,1,5:12 AM,7:31 PM,12:38 PM,1:50 AM,Waxing Gibbous,55,2024,5,Spring
,Tanzania,Dodoma,-6.18,35.75,1715868900,28,82.4,Partly cloudy,6.9,11.2,160,SSE,1017,30.03,0,0,45,75,28.3,83,10,6,8,11.4,18.4,243.7,32.5,0.5,0.2,1.3,2.6,1,1,6:38 AM,6:28 PM,1:43 PM,1:08 AM,Waxing Gibbous,55,2024,5,Spring
,Thailand,Bangkok,13.75,100.52,1715868900,30,86,Partly cloudy,6.9,11.2,170,S,1009,29.8,0,0,79,25,33.7,92.7,10,6,1,13,20.9,5714.4,0,61.7,69.6,150.8,212.3,5,10,5:51 AM,6:37 PM,12:57 PM,1:04 AM,Waxing Gibbous,55,2024,5,Spring
,Timor-Leste,Dili,-8.56,125.57,1715868900,25.8,78.4,Patchy rain nearby,6.3,10.1,152,SSE,1013,29.91,0.01,0,79,85,28.1,82.7,10,6,1,8.7,14,227,18.6,0.2,0.1,0.6,1.5,1,1,6:42 AM,6:25 PM,1:36 PM,12:55 AM,Waxing Gibbous,55,2024,5,Spring
,Bulgaria,Lom,43.81,23.24,1715868900,19,66.2,Sunny,12.5,20.2,130,SE,1019,30.09,0,0,40,0,19,66.2,10,6,4,20.8,33.5,210.3,80.1,0.9,0.2,3.6,3.8,1,1,6:00 AM,8:47 PM,1:40 PM,3:05 AM,Waxing Gibbous,55,2024,5,Spring
,Tonga,Nuku`Aloia,-21.13,-175.2,1715868900,23,73.4,Light rain,11.9,19.1,130,SE,1017,30.03,2.29,0.09,94,100,25.3,77.5,8,4,1,35.9,57.8,217,38.6,0,0.1,2.2,6.4,1,1,7:04 AM,6:10 PM,1:47 PM,12:33 AM,Waxing Gibbous,55,2024,5,Spring
,Trinidad and Tobago,Port Of Spain,10.65,-61.52,1715868000,31,87.8,Overcast,11.9,19.1,100,E,1013,29.91,0.03,0,75,25,35,95,10,6,7,16.3,26.3,237,33.3,1,0.7,2.2,7.1,1,1,5:44 AM,6:21 PM,1:09 PM,1:06 AM,Waxing Gibbous,55,2024,5,Spring
,Tunisia,Tunis,36.8,10.18,1715868900,27,80.6,Partly cloudy,12.5,20.2,330,NNW,1008,29.77,0,0,37,25,26.6,79.9,10,6,7,13.4,21.5,188.6,101.6,0.6,1,5.3,10.6,1,1,5:11 AM,7:21 PM,12:45 PM,1:45 AM,Waxing Gibbous,55,2024,5,Spring
,Turkey,Ankara,39.93,32.86,1715868900,21,69.8,Partly cloudy,11.9,19.1,280,W,1018,30.06,0,0,31,50,21,69.8,10,6,5,15.9,25.7,188.6,88.7,5.9,4.2,1.4,1.6,1,1,5:33 AM,7:58 PM,1:06 PM,2:18 AM,Waxing Gibbous,55,2024,5,Spring
,Turkmenistan,Ashgabat,37.95,58.38,1715868900,18,64.4,Moderate or heavy rain with thunder,32.2,51.8,280,W,1016,30,0.08,0,100,60,18,64.4,0.4,0,5,36.7,59,303.8,79.4,10.5,6.1,7.5,15.8,1,1,5:55 AM,8:11 PM,1:23 PM,2:31 AM,Waxing Gibbous,55,2024,5,Spring
,Tuvalu,Funafuti,-8.52,179.22,1715868900,28,82.4,Light rain,2.2,3.6,10,N,1007,29.74,1.99,0.08,84,100,32.1,89.9,10,6,1,18,28.9,208.6,24.7,0,0,0.5,0.8,1,1,6:08 AM,5:51 PM,12:55 PM,12:13 AM,Waxing Gibbous,55,2024,5,Spring
,Uganda,Kampala,0.32,32.57,1715868900,26,78.8,Partly cloudy,8.1,13,190,S,1016,30,0,0,58,25,27.3,81.1,10,6,7,9.2,14.8,367.2,35.4,0.7,0.6,6.2,10,1,1,6:42 AM,6:50 PM,1:50 PM,1:29 AM,Waxing Gibbous,55,2024,5,Spring
,Ukraine,Kyiv,50.43,30.52,1715868000,14.6,58.3,Patchy rain nearby,5.6,9,96,E,1026,30.29,0.06,0,51,75,14.3,57.7,10,6,3,8,12.9,210.3,94.4,1.2,1.3,1.7,2.1,1,1,5:09 AM,8:41 PM,12:56 PM,2:51 AM,Waxing Gibbous,55,2024,5,Spring
,United Arab Emirates,Abu Dhabi,24.47,54.37,1715868900,36,96.8,Sunny,8.1,13,340,NNW,1007,29.74,0,0,33,0,46.3,115.3,10,6,8,24.4,39.3,201.9,80.8,0.2,0.4,31.8,98.5,2,3,5:39 AM,7:00 PM,12:56 PM,1:27 AM,Waxing Gibbous,55,2024,5,Spring
,United Kingdom,London,51.52,-0.11,1715868900,15,59,Partly cloudy,6.9,11.2,200,SSW,1005,29.68,0.01,0,77,50,15.1,59.2,10,6,3,11.4,18.4,207,68,14.7,7.2,2.3,2.7,1,1,5:07 AM,8:48 PM,1:02 PM,2:57 AM,Waxing Gibbous,55,2024,5,Spring
,United States of America,Washington Park,46.6,-120.49,1715868900,15.6,60.1,Sunny,23,37.1,300,WNW,1011,29.86,0,0,55,0,15.6,60.1,16,9,4,27.5,44.3,212,36.1,4.6,0.1,7.8,8.8,1,1,5:26 AM,8:31 PM,1:36 PM,2:52 AM,Waxing Gibbous,55,2024,5,Spring
,Uruguay,Montevideo,-34.86,-56.17,1715868900,12,53.6,Sunny,5.6,9,300,WNW,1014,29.94,0,0,71,0,10.4,50.7,10,6,5,11.9,19.2,961.3,3.9,18.7,17.4,21.1,35.3,2,2,7:33 AM,5:49 PM,2:26 PM,12:53 AM,Waxing Gibbous,55,2024,5,Spring
,Uzbekistan,Tashkent,41.32,69.25,1715868000,23,73.4,Sunny,13.6,22,260,W,1017,30.03,0,0,65,0,24.9,76.8,10,6,6,18.1,29.2,330.5,22.2,45.9,2.5,2.3,2.8,1,1,5:03 AM,7:36 PM,12:32 PM,1:53 AM,Waxing Gibbous,55,2024,5,Spring
,Vanuatu,Port Vila,-17.73,168.32,1715868900,23,73.4,Partly cloudy,4.3,6.8,110,ESE,1013,29.91,0.05,0,89,75,25,77.1,10,6,1,23.6,38,220.3,47.2,0.2,0.2,3.9,11.2,1,1,6:05 AM,5:21 PM,12:50 PM,No moonset,Waxing Gibbous,55,2024,5,Spring
,Venezuela,Caracas,10.5,-66.92,1715868900,31,87.8,Partly cloudy,4.3,6.8,90,E,1013,29.91,0,0,66,25,35.9,96.7,10,6,7,8.7,14,323.8,40.1,11.3,27.9,4.9,6.8,1,1,6:06 AM,6:42 PM,1:31 PM,1:28 AM,Waxing Gibbous,55,2024,5,Spring
,Vietnam,Hanoi,21.03,105.85,1715868900,26,78.8,Clear,5.6,9,270,W,1013,29.91,0,0,84,0,28.2,82.8,10,6,1,12.2,19.6,3631.6,16.5,116.5,47.2,219.1,258.1,5,10,5:19 AM,6:28 PM,12:27 PM,12:52 AM,Waxing Gibbous,55,2024,5,Spring
,Yemen,Sanaa,15.35,44.21,1715868900,26.2,79.2,Patchy rain nearby,9.6,15.5,60,ENE,1010,29.84,0.07,0,29,72,25.4,77.8,10,6,6,11.1,17.8,176.9,70.1,2.5,4.7,29.2,115.2,2,3,5:34 AM,6:25 PM,12:48 PM,12:57 AM,Waxing Gibbous,55,2024,5,Spring
,Zambia,Lusaka,-15.42,28.28,1715868900,24.2,75.5,Sunny,9.6,15.5,135,SE,1016,30,0,0,30,19,24.3,75.7,10,6,7,12.1,19.5,881.2,57.2,2.5,4.8,8,13.5,1,1,6:21 AM,5:45 PM,1:22 PM,12:28 AM,Waxing Gibbous,55,2024,5,Spring
,Zimbabwe,Harare,-17.82,31.04,1715868000,22.9,73.3,Sunny,7.6,12.2,139,SE,1017,30.04,0,0,26,5,23.2,73.8,10,6,7,9.1,14.7,307.1,65.1,3.1,5.8,7.6,9.8,1,1,6:14 AM,5:30 PM,1:12 PM,12:14 AM,Waxing Gibbous,55,2024,5,Spring
,Afghanistan,Kabul,34.52,69.18,1715961600,15,58.9,Patchy rain nearby,3.4,5.4,17,NNE,1017,30.02,0.69,0.03,75,77,15.3,59.6,9,5,1,4.7,7.6,854.5,70.8,9.4,0.6,8.3,18.1,1,1,4:49 AM,6:51 PM,1:09 PM,1:37 AM,Waxing Gibbous,64,2024,5,Spring
,Albania,Tirana,41.33,19.82,1715961600,25,77,Sunny,4.3,6.8,320,NW,1013,29.91,0,0,61,0,27,80.7,10,6,6,4.7,7.6,217,52.9,12.2,0.6,18.7,56.2,2,2,5:20 AM,7:55 PM,1:59 PM,2:34 AM,Waxing Gibbous,64,2024,5,Spring
,Algeria,Algiers,36.76,3.05,1715961600,25,77,Sunny,9.4,15.1,20,NNE,1010,29.83,0,0,30,0,25.7,78.3,10,6,6,10,16.2,290.4,147.3,23.3,4.7,11.7,20.4,1,1,5:39 AM,7:51 PM,2:12 PM,2:37 AM,Waxing Gibbous,64,2024,5,Spring
,Andorra,Andorra La Vella,42.5,1.52,1715961600,9.7,49.4,Thundery outbreaks in nearby,6.7,10.8,219,SW,1008,29.77,0.07,0,57,80,8.1,46.6,9,5,2,7.9,12.8,153.5,62.9,0.5,0.1,0.5,0.6,1,1,6:30 AM,9:12 PM,3:14 PM,3:50 AM,Waxing Gibbous,64,2024,5,Spring
,Angola,Luanda,-8.84,13.23,1715961600,29,84.2,Sunny,15,24.1,260,W,1009,29.8,0,0,75,0,35.2,95.4,10,6,8,21,33.8,427.3,35.4,9.7,2.7,20.8,45.1,2,2,6:12 AM,5:55 PM,1:53 PM,1:23 AM,Waxing Gibbous,64,2024,5,Spring
,Antigua and Barbuda,Saint John's,17.12,-61.85,1715961600,31,87.8,Overcast,12.5,20.2,90,E,1016,30,0.01,0,66,50,37.9,100.3,10,6,6,16.4,26.4,257,30.4,0.5,0.8,1.8,5.1,1,1,5:35 AM,6:33 PM,1:52 PM,1:47 AM,Waxing Gibbous,64,2024,5,Spring
,Argentina,Buenos Aires,-34.59,-58.67,1715961600,13,55.4,Partly cloudy,6.9,11.2,240,WSW,1019,30.09,0.01,0,67,25,12,53.5,10,6,4,8.5,13.7,293.7,41.8,3,1.9,2.3,3.5,1,1,7:43 AM,5:59 PM,2:59 PM,2:01 AM,Waxing Gibbous,64,2024,5,Spring
,Armenia,Yerevan,40.18,44.51,1715961600,17,62.6,Partly cloudy,6.9,11.2,320,NW,1015,29.97,0,0,25,62,17,62.6,10,6,4,11.4,18.4,180.2,105.9,2.1,0.2,0.5,0.6,1,1,5:44 AM,8:13 PM,2:17 PM,2:53 AM,Waxing Gibbous,64,2024,5,Spring
,Australia,Canberra,-35.28,149.22,1715961600,7,44.6,Overcast,5.6,9,150,SSE,1023,30.21,0.22,0.01,66,100,3.4,38.2,10,6,1,21.3,34.3,220.3,40.4,1,0.2,0.5,0.6,1,1,6:53 AM,5:06 PM,1:55 PM,12:36 AM,Waxing Gibbous,64,2024,5,Spring
,Austria,Vienna,48.2,16.37,1715961600,14,57.2,Light rain shower,4.3,6.8,360,N,1011,29.85,0.01,0,88,75,13.8,56.8,6,3,3,6,9.6,217,68,5.5,0.6,1.6,2.5,1,1,5:12 AM,8:30 PM,2:07 PM,2:57 AM,Waxing Gibbous,64,2024,5,Spring
,Azerbaijan,Baku,40.4,49.88,1715961600,14,57.2,Partly cloudy,18.6,29.9,320,NW,1017,30.03,0,0,72,25,11.4,52.5,10,6,1,32.4,52.2,213.6,85.1,2.6,0.3,1,1.2,1,1,5:22 AM,7:52 PM,1:55 PM,2:31 AM,Waxing Gibbous,64,2024,5,Spring
,Bahamas,Nassau,25.08,-77.35,1715961600,32,89.6,Partly cloudy,9.4,15.1,290,WNW,1015,29.98,0,0,67,50,40.8,105.4,10,6,7,13.9,22.3,507.4,117.3,3.8,6,15.9,24.2,2,2,6:23 AM,7:48 PM,2:52 PM,2:55 AM,Waxing Gibbous,64,2024,5,Spring
,Bahrain,Manama,26.24,50.58,1715961600,32,89.6,Clear,9.4,15.1,90,E,1005,29.68,0,0,71,0,40.4,104.7,10,6,1,26.3,42.3,217,113,0.4,0.4,19.5,59.7,2,2,4:50 AM,6:18 PM,1:02 PM,1:15 AM,Waxing Gibbous,64,2024,5,Spring
,Bangladesh,Dhaka,23.72,90.41,1715961600,32,89.6,Clear,15,24.1,189,S,1004,29.66,0,0,62,6,37.7,99.9,10,6,1,21.4,34.4,574.1,50.8,11.5,3.9,20,30.1,2,2,5:15 AM,6:34 PM,1:19 PM,1:30 AM,Waxing Gibbous,64,2024,5,Spring
,Barbados,Bridgetown,13.1,-59.62,1715961600,31,87.8,Partly cloudy,21.7,34.9,100,E,1014,29.94,0.01,0,75,75,38.3,100.9,10,6,6,26.2,42.1,247,32.2,1,2.1,2.3,11,1,1,5:33 AM,6:17 PM,1:44 PM,1:36 AM,Waxing Gibbous,64,2024,5,Spring
,Belarus,Minsk,53.9,27.57,1715961600,22,71.6,Sunny,11.9,19.1,360,N,1018,30.06,0,0,41,0,24.6,76.2,10,6,5,12,19.3,230.3,62.9,10.1,1.5,4.2,4.8,1,1,5:04 AM,9:10 PM,2:13 PM,3:21 AM,Waxing Gibbous,64,2024,5,Spring
,Belgium,Brussels,50.83,4.33,1715961600,14,57.2,Light rain,8.1,13,290,WNW,1008,29.77,0.17,0.01,88,100,12.6,54.8,10,6,3,17.3,27.8,208.6,70.8,10.5,2.8,1.2,1.7,1,1,5:50 AM,9:29 PM,2:54 PM,3:50 AM,Waxing Gibbous,64,2024,5,Spring
,Belize,Belmopan,17.25,-88.77,1715961600,32,89.6,Partly cloudy,5.6,9,140,SE,1008,29.77,0,0,80,25,33.2,91.8,8,4,9,10.1,16.2,303.8,45.8,0.4,0.3,9.9,21.6,1,1,5:23 AM,6:20 PM,1:43 PM,1:37 AM,Waxing Gibbous,64,2024,5,Spring
,Benin,Porto-Novo,6.48,2.62,1715961600,32,89.6,Partly cloudy,9.4,15.1,220,SW,1010,29.83,0,0,71,25,41.6,106.9,10,6,7,9.9,15.9,407.2,16.8,2.3,1.3,2.6,5.5,1,1,6:33 AM,6:59 PM,2:30 PM,2:16 AM,Waxing Gibbous,64,2024,5,Spring
,Bhutan,Thimphu,27.48,89.6,1715961600,10.5,51,Patchy rain nearby,2.7,4.3,254,WSW,1017,30.02,0.01,0,93,71,10.6,51,10,6,1,4.6,7.4,370.5,70.1,1.2,1,15.8,18.4,2,2,5:12 AM,6:44 PM,1:20 PM,1:37 AM,Waxing Gibbous,64,2024,5,Spring
,Bolivia,Sucre,-19.04,-65.26,1715961600,18.9,66,Sunny,8.1,13,35,NE,1010,29.84,0,0,50,7,18.9,66,10,6,6,9.3,14.9,240.3,73.7,1,1.2,5.7,9.7,1,1,6:42 AM,5:53 PM,2:19 PM,1:40 AM,Waxing Gibbous,64,2024,5,Spring
,Bosnia and Herzegovina,Sarajevo,43.85,18.38,1715961600,25,77,Sunny,13.6,22,260,W,1011,29.85,0.09,0,36,0,26.9,80.3,10,6,4,18.1,29.2,195.3,83,1.1,3.6,10.5,21.7,1,1,5:19 AM,8:08 PM,2:03 PM,2:43 AM,Waxing Gibbous,64,2024,5,Spring
,Botswana,Gaborone,-24.65,25.91,1715961600,30,86,Clear,2.2,3.6,73,ENE,1022,30.18,0,0,21,0,28,82.5,10,6,1,2.3,3.8,801.1,35.8,45.2,4.2,19.6,32.8,2,2,6:46 AM,5:40 PM,2:09 PM,1:19 AM,Waxing Gibbous,64,2024,5,Spring
,Brazil,Bras,-2.08,-58.17,1715961600,29.6,85.2,Light rain shower,3.6,5.8,83,E,1011,29.86,1.15,0.05,79,88,35.8,96.5,10,6,7,6.5,10.5,270.4,9.2,0.1,0.1,0.5,0.5,1,1,5:49 AM,5:50 PM,1:44 PM,1:21 AM,Waxing Gibbous,64,2024,5,Spring
,Brunei Darussalam,Bandar Seri Begawan,4.88,114.93,1715961600,27,80.6,Partly cloudy,5.6,9,200,SSW,1010,29.83,0,0,100,75,31.6,88.8,10,6,1,6.3,10.1,440.6,1.1,6.5,1.8,2.1,2.4,1,1,6:06 AM,6:27 PM,1:49 PM,1:34 AM,Waxing Gibbous,64,2024,5,Spring
,Bulgaria,Sofia,42.68,23.32,1715961600,17,62.6,Partly cloudy,9.4,15.1,150,SSE,1017,30.03,0,0,63,25,17,62.6,10,6,4,12,19.3,237,78,3.9,0.7,7.6,11.7,1,1,6:02 AM,8:45 PM,2:43 PM,3:22 AM,Waxing Gibbous,64,2024,5,Spring
,Burkina Faso,Ouagadougou,12.37,-1.52,1715961600,38.9,102,Partly Cloudy,2.7,4.3,355,N,1007,29.75,0,0,26,28,40.2,104.4,10,6,9,3.1,5,347.1,27.9,0.9,0.5,23.7,107.5,2,2,5:41 AM,6:24 PM,1:45 PM,1:37 AM,Waxing Gibbous,64,2024,5,Spring
,Burundi,Bujumbura,-3.38,29.36,1715961600,18.6,65.4,Partly cloudy,23,37.1,180,S,1013,29.91,0.83,0.03,84,50,18.6,65.4,10,6,1,27.5,44.3,357.2,32.2,1.6,0.4,5,13.6,1,1,6:00 AM,5:58 PM,1:45 PM,1:20 AM,Waxing Gibbous,64,2024,5,Spring
,Madagascar,Ivory,-24.37,46.45,1715961600,23.7,74.7,Clear,3.4,5.4,65,ENE,1016,30,0,0,57,5,25.3,77.5,10,6,1,7,11.3,207,28.6,0.3,0.1,0.5,1,1,1,6:23 AM,5:18 PM,1:46 PM,12:54 AM,Waxing Gibbous,64,2024,5,Spring
,Cape Verde,Praia,14.93,-23.51,1715961600,28,82.4,Partly cloudy,15,24.1,20,NNE,1014,29.94,0,0,48,25,30.6,87.1,10,6,6,19.5,31.3,188.6,70.1,0.1,0.3,3.4,14,1,1,6:05 AM,6:56 PM,2:14 PM,2:09 AM,Waxing Gibbous,64,2024,5,Spring
,Cambodia,Phnom Penh,11.55,104.92,1715961600,30,86,Partly cloudy,2.2,3.6,170,S,1009,29.8,0,0,79,50,33.3,92,10,6,1,9,14.5,1094.8,14.3,17.1,4.1,30.6,42.5,2,3,5:37 AM,6:17 PM,1:26 PM,1:21 AM,Waxing Gibbous,64,2024,5,Spring
,Cameroon,Yaounde,3.87,11.52,1715961600,32,89.6,Partly cloudy,2.2,3.6,305,NW,1013,29.91,0.81,0.03,56,75,48.8,119.9,7,4,5,5.5,8.8,373.8,9.2,1.7,0.6,4.3,6.8,1,1,6:01 AM,6:19 PM,1:55 PM,1:38 AM,Waxing Gibbous,64,2024,5,Spring
,Canada,Ottawa,45.42,-75.7,1715961600,20,68,Partly cloudy,5.6,9,80,E,1014,29.95,0,0,78,75,20,68,24,14,6,9,14.5,230.3,85.1,4.3,3.1,3.2,3.9,1,1,5:30 AM,8:29 PM,2:34 PM,3:06 AM,Waxing Gibbous,64,2024,5,Spring
,Central African Republic,Bangui,4.37,18.58,1715961600,34,93.2,Partly cloudy,4.3,6.8,170,S,1007,29.74,0.37,0.01,56,50,40.9,105.6,10,6,6,8.7,14,293.7,0.9,0.1,0,0.5,0.9,1,1,5:33 AM,5:52 PM,1:26 PM,1:09 AM,Waxing Gibbous,64,2024,5,Spring
,Chad,N'djamena,12.11,15.05,1715961600,42,107.6,Overcast,13.6,22,60,ENE,1006,29.71,0,0,5,0,43,109.3,2.5,1,10,20,32.1,220.3,70.1,0.6,0.4,32.1,146.8,2,3,5:36 AM,6:17 PM,1:37 PM,1:29 AM,Waxing Gibbous,64,2024,5,Spring
,Chile,Santiago,-33.45,-70.67,1715961600,9,48.2,Partly cloudy,3.8,6.1,110,ESE,1021,30.15,0.06,0,57,25,7.7,45.9,10,6,4,6.2,9.9,2616.9,163.1,56.2,71.5,220,264.2,5,10,7:29 AM,5:49 PM,2:47 PM,1:52 AM,Waxing Gibbous,64,2024,5,Spring
,China,Beijing,39.93,116.39,1715961600,24,75.2,Clear,11.9,19.1,150,SSE,1007,29.74,0,0,50,0,25,77.1,10,6,1,16.3,26.3,1442,0,111,52.9,221.9,265.9,5,10,4:58 AM,7:25 PM,1:18 PM,2:01 AM,Waxing Gibbous,64,2024,5,Spring
,Bulgaria,Bogot,43.32,24.7,1715961600,16.7,62,Cloudy,9.6,15.5,66,ENE,1016,30.01,0,0,76,65,16.7,62,10,6,4,15.2,24.4,205.3,88,1.1,0.3,3.7,4.7,1,1,5:55 AM,8:41 PM,2:37 PM,3:17 AM,Waxing Gibbous,64,2024,5,Spring
,Comoros,Moroni,-11.7,43.24,1715961600,25.6,78,Clear,14.1,22.7,148,SSE,1014,29.94,0,0,82,5,28,82.4,10,6,1,16.3,26.2,247,50.8,0.5,0.3,1.8,6.9,1,1,6:16 AM,5:50 PM,1:52 PM,1:17 AM,Waxing Gibbous,64,2024,5,Spring
,Congo,Brazzaville,-4.26,15.28,1715961600,32,89.6,Mist,2.2,3.6,238,WSW,1010,29.83,0,0,59,25,37.1,98.8,7,4,8,6.5,10.4,741,23.3,15.1,4.2,16.8,44.4,2,2,5:58 AM,5:53 PM,1:43 PM,1:17 AM,Waxing Gibbous,64,2024,5,Spring
,Costa Rica,San Juan,9.97,-84.08,1715961600,26,78.8,Partly cloudy,3.8,6.1,320,NW,1019,30.09,1.05,0.04,65,75,28.2,82.8,10,6,6,8.3,13.3,714.3,20.4,45.2,32.9,50.5,51.4,3,6,5:15 AM,5:51 PM,1:26 PM,1:14 AM,Waxing Gibbous,64,2024,5,Spring
,Croatia,Zagreb,45.8,16,1715961600,23,73.4,Sunny,16.1,25.9,230,SW,1010,29.83,0,0,41,0,24.8,76.7,10,6,5,20.6,33.1,207,84.4,4.6,0.1,1.9,2.7,1,1,5:22 AM,8:23 PM,2:11 PM,2:55 AM,Waxing Gibbous,64,2024,5,Spring
,Cuba,Havana,23.13,-82.36,1715961600,31,87.8,Partly cloudy,11.9,19.1,190,S,1014,29.94,0.02,0,59,50,34.9,94.7,9,5,7,18.5,29.8,323.8,45.1,5.4,23.6,2.3,6.5,1,1,6:47 AM,8:05 PM,3:14 PM,3:15 AM,Waxing Gibbous,64,2024,5,Spring
,Cyprus,Nicosia,35.17,33.37,1715961600,24,75.2,Sunny,15,24.1,210,SSW,1016,30,0,0,69,0,24.9,76.8,10,6,6,15.1,24.3,195.3,97.3,0.8,1.2,7.1,15.4,1,1,5:41 AM,7:46 PM,2:07 PM,2:33 AM,Waxing Gibbous,64,2024,5,Spring
,Czech Republic,Prague,50.08,14.47,1715961600,13,55.4,Light rain,11.9,19.1,120,ESE,1009,29.8,0,0,94,75,12.5,54.6,8,4,3,16.3,26.3,233.7,68,8.7,2.7,3,3.5,1,1,5:13 AM,8:45 PM,2:13 PM,3:08 AM,Waxing Gibbous,64,2024,5,Spring
,Democratic Republic of Congo,Kinshasa,-4.3,15.3,1715961600,32,89.6,Mist,2.2,3.6,238,WSW,1010,29.83,0,0,59,25,37.7,99.8,7,4,8,6.9,11.1,741,23.3,15.1,4.2,16.8,44.4,2,2,5:58 AM,5:53 PM,1:43 PM,1:17 AM,Waxing Gibbous,64,2024,5,Spring
,Denmark,Copenhagen,55.67,12.58,1715961600,19,66.2,Sunny,16.1,25.9,80,E,1016,30,0,0,37,0,19,66.2,10,6,5,27.5,44.2,210.3,100.1,3,2,5.5,6.1,1,1,4:54 AM,9:19 PM,2:13 PM,3:25 AM,Waxing Gibbous,64,2024,5,Spring
,Djibouti,Djibouti,11.6,43.15,1715961600,31.1,88,Clear,9.6,15.5,87,E,1006,29.72,0,0,76,9,39.4,102.9,10,6,1,12.2,19.6,300.4,59.4,1.8,1,11.5,23.7,1,1,5:44 AM,6:24 PM,1:41 PM,1:34 AM,Waxing Gibbous,64,2024,5,Spring
,Dominica,Roseau,15.3,-61.4,1715961600,31,87.8,Partly cloudy,5.6,9,340,NNW,1014,29.94,0.42,0.02,66,25,38.8,101.8,10,6,6,15,24.2,201.9,30.4,0.3,0.3,1.2,3.1,1,1,5:36 AM,6:28 PM,1:50 PM,1:44 AM,Waxing Gibbous,64,2024,5,Spring
,Dominican Republic,Santo Domingo,18.47,-69.9,1715961600,32,89.6,Partly cloudy,4.3,6.8,110,ESE,1016,30,0,0,67,25,36.5,97.7,10,6,8,8.7,14.1,343.8,98.7,11.3,28.4,14.2,17.6,1,2,6:05 AM,7:07 PM,2:24 PM,2:21 AM,Waxing Gibbous,64,2024,5,Spring
,Ecuador,Quito,-0.22,-78.5,1715961600,18.9,66,Patchy rain nearby,4.7,7.6,14,NNE,1015,29.97,0.28,0.01,55,84,18.9,66,9,5,5,5.4,8.7,2483.4,4.3,70.6,58.2,42.2,45.5,3,5,6:07 AM,6:13 PM,2:06 PM,1:46 AM,Waxing Gibbous,64,2024,5,Spring
,Egypt,Cairo,30.05,31.25,1715961600,34,93.2,Sunny,15,24.1,40,NE,1017,30.03,0,0,20,0,32.3,90.1,10,6,1,24.4,39.2,205.3,94.4,9.5,9.2,6,15.5,1,1,6:00 AM,7:43 PM,2:19 PM,2:36 AM,Waxing Gibbous,64,2024,5,Spring
,El Salvador,San Salvador,13.71,-89.2,1715961600,26,78.8,Partly cloudy,3.8,6.1,20,NNE,1015,29.98,0,0,84,25,28.6,83.5,10,6,6,8.3,13.3,377.2,47.9,6.8,8.9,12,15.2,1,2,5:30 AM,6:17 PM,1:46 PM,1:37 AM,Waxing Gibbous,64,2024,5,Spring
,Equatorial Guinea,Malabo,3.75,8.78,1715961600,31,87.8,Partly cloudy,8.1,13,240,WSW,1009,29.8,0,0,84,50,40.8,105.5,10,6,7,9.8,15.7,297.1,19,0,0,0.9,1.2,1,1,6:12 AM,6:30 PM,2:06 PM,1:49 AM,Waxing Gibbous,64,2024,5,Spring
,Eritrea,Asmara,15.33,38.93,1715961600,19.8,67.7,Clear,6.9,11.2,43,NE,1013,29.92,0,0,60,5,19.8,67.7,10,6,1,13.1,21.1,233.7,49.4,1.1,0.6,15.4,49,1,2,5:55 AM,6:47 PM,1:56 PM,1:54 AM,Waxing Gibbous,64,2024,5,Spring
,Estonia,Tallinn,59.43,24.73,1715961600,21,69.8,Sunny,6.9,11.2,50,NE,1021,30.15,0,0,43,0,21,69.8,10,6,4,11.4,18.4,217,108.7,3.5,1.3,6.1,6.7,1,1,4:42 AM,9:55 PM,2:16 PM,3:45 AM,Waxing Gibbous,64,2024,5,Spring
,Swaziland,Mbabane,-26.32,31.13,1715961600,16.9,62.5,Clear,2.2,3.6,87,E,1020,30.12,0,0,44,0,16.9,62.5,10,6,1,3.3,5.3,323.8,52.2,3.4,1.5,14.9,24,1,2,6:28 AM,5:16 PM,1:49 PM,12:55 AM,Waxing Gibbous,64,2024,5,Spring
,Ethiopia,Addis Ababa,9.03,38.7,1715961600,24,75.2,Partly cloudy,13.6,22,110,ESE,1024,30.24,0.41,0.02,41,75,25.5,78,10,6,1,16,25.7,1401.9,45.4,5.4,2.7,27.5,111.1,2,3,6:05 AM,6:38 PM,2:00 PM,1:50 AM,Waxing Gibbous,64,2024,5,Spring
,Fiji Islands,Suva,-18.13,178.42,1715961600,25,77,Partly cloudy,2.2,3.6,10,N,1008,29.77,0,0,100,75,27.8,82,10,6,1,6.5,10.4,168.6,2,2.7,1.3,1.8,2.2,1,1,6:25 AM,5:40 PM,1:43 PM,12:53 AM,Waxing Gibbous,64,2024,5,Spring
,Finland,Helsinki,60.18,24.93,1715961600,20,68,Sunny,10.5,16.9,150,SSE,1021,30.15,0,0,40,0,20,68,10,6,4,13.2,21.2,297.1,81.5,13.5,3.9,12.9,15.5,1,2,4:36 AM,9:59 PM,2:14 PM,3:46 AM,Waxing Gibbous,64,2024,5,Spring
,France,Paris,48.87,2.33,1715961600,18,64.4,Moderate rain,2.2,3.6,297,WNW,1010,29.83,0.03,0,56,62,18,64.4,10,6,4,6.5,10.4,213.6,83,5.2,1,1.4,2,1,1,6:06 AM,9:29 PM,3:05 PM,3:55 AM,Waxing Gibbous,64,2024,5,Spring
,Gabon,Libreville,0.38,9.45,1715961600,30,86,Partly cloudy,9.4,15.1,230,SW,1009,29.8,0.25,0.01,79,50,36.9,98.5,10,6,6,13.4,21.5,961.3,81.5,24.3,14.7,43.9,53.6,3,5,6:14 AM,6:22 PM,2:05 PM,1:44 AM,Waxing Gibbous,64,2024,5,Spring
,Gambia,Banjul,13.45,-16.58,1715961600,33,91.4,Sunny,10.5,16.9,270,W,1011,29.85,0,0,49,0,42.5,108.4,10,6,6,21.5,34.7,270.4,125.9,0.6,5.8,34.2,129.1,2,3,6:40 AM,7:26 PM,2:46 PM,2:39 AM,Waxing Gibbous,64,2024,5,Spring
,Georgia,Tbilisi,41.73,44.79,1715961600,15,59,Sunny,24.2,38.9,310,NW,1016,30,0,0,48,0,13.7,56.7,10,6,4,28.6,46.1,183.6,94.4,0.5,0.1,0.6,0.8,1,1,5:39 AM,8:16 PM,2:14 PM,2:53 AM,Waxing Gibbous,64,2024,5,Spring
,Germany,Berlin,52.52,13.4,1715961600,24,75.2,Sunny,17.4,28.1,110,ESE,1008,29.77,0,0,27,0,25.1,77.3,10,6,5,21.9,35.3,227,88.7,8.8,3.9,2.8,3.2,1,1,5:07 AM,9:00 PM,2:14 PM,3:16 AM,Waxing Gibbous,64,2024,5,Spring
,Ghana,Accra,5.55,-0.22,1715961600,30,86,Partly cloudy,10.5,16.9,190,S,1010,29.83,0.02,0,70,25,34.3,93.8,10,6,6,14.9,23.9,343.8,70.8,2.6,3,8.4,11.8,1,1,5:46 AM,6:09 PM,1:42 PM,1:28 AM,Waxing Gibbous,64,2024,5,Spring
,Greece,Athens,37.98,23.72,1715961600,20,68,Light rain,2.2,3.6,10,N,1015,29.97,0,0,60,75,20,68,10,6,6,3.5,5.6,253.7,105.9,20.9,18.8,14.3,19.7,1,2,6:13 AM,8:30 PM,2:45 PM,3:15 AM,Waxing Gibbous,64,2024,5,Spring
,Grenada,Saint George's,12.05,-61.75,1715961600,31,87.8,Partly cloudy,16.1,25.9,110,ESE,1014,29.94,0.05,0,75,25,38.4,101,10,6,6,20.6,33.1,247,31.1,0.6,0.7,3.2,13.2,1,1,5:43 AM,6:24 PM,1:53 PM,1:44 AM,Waxing Gibbous,64,2024,5,Spring
,Guatemala,Guatemala City,14.62,-90.53,1715961600,25,77,Partly cloudy,9.4,15.1,190,S,1021,30.15,0.13,0.01,61,75,26.3,79.3,10,6,5,13.9,22.3,620.8,44.4,14.9,41,26.2,31.2,2,3,5:34 AM,6:23 PM,1:51 PM,1:43 AM,Waxing Gibbous,64,2024,5,Spring
,Guinea,Conakry,9.51,-13.71,1715961600,29,84.2,Light rain,11.9,19.1,130,SE,1012,29.88,0,0,70,75,34.2,93.5,8,4,7,22.9,36.9,494,62.2,1.2,0.8,11.6,19.9,1,1,6:34 AM,7:09 PM,2:36 PM,2:25 AM,Waxing Gibbous,64,2024,5,Spring
,Guinea-Bissau,Bissau,11.85,-15.58,1715961600,35,95,Sunny,11.9,19.1,200,SSW,1011,29.85,0,0,47,0,40.2,104.3,8,4,8,18.6,30,227,47.2,0.2,0.6,15.3,63.1,1,2,6:38 AM,7:20 PM,2:43 PM,2:34 AM,Waxing Gibbous,64,2024,5,Spring
,Guyana,Georgetown,6.8,-58.17,1715961600,27,80.6,Light rain,6.9,11.2,90,E,1013,29.91,0.73,0.03,94,75,30,86,9,5,6,14.4,23.2,237,37.9,8.1,7.2,1.4,1.7,1,1,5:36 AM,6:02 PM,1:40 PM,1:26 AM,Waxing Gibbous,64,2024,5,Spring
,Haiti,Port-Au-Prince,18.54,-72.34,1715961600,32,89.6,Partly cloudy,13.6,22,110,ESE,1015,29.97,0.02,0,63,25,35.2,95.4,9,5,7,18.1,29.2,721,141.6,3.1,7.1,15.3,27,1,2,6:15 AM,7:17 PM,2:34 PM,2:31 AM,Waxing Gibbous,64,2024,5,Spring
,Vatican City,Vatican City,41.9,12.45,1715961600,23,73.4,Sunny,6.9,11.2,230,SW,1013,29.91,0,0,38,0,24.5,76.1,10,6,6,8.4,13.5,280.4,88,10.2,0.7,6.3,8.5,1,1,5:48 AM,8:26 PM,2:29 PM,3:05 AM,Waxing Gibbous,64,2024,5,Spring
,Honduras,Tegucigalpa,14.1,-87.22,1715961600,27,80.6,Partly cloudy,5.6,9,340,NNW,1017,30.03,0.21,0.01,66,50,28.5,83.4,10,6,6,10.1,16.2,287.1,32.9,2.1,1.8,2.4,3.7,1,1,5:21 AM,6:09 PM,1:37 PM,1:29 AM,Waxing Gibbous,64,2024,5,Spring
,Hungary,Budapest,47.5,19.08,1715961600,15,59,Moderate or heavy rain shower,8.1,13,50,NE,1012,29.88,0.04,0,82,75,13.5,56.4,10,6,3,22.4,36.1,237,55.1,9.6,3.5,5.6,6.5,1,1,5:04 AM,8:17 PM,1:56 PM,2:45 AM,Waxing Gibbous,64,2024,5,Spring
,Iceland,Grindavik,63.83,-22.43,1715961600,6,42.8,Overcast,20.6,33.1,240,WSW,1013,29.91,0,0,65,75,1.8,35.2,10,6,3,21.5,34.5,201.9,83,0.1,0.1,0.5,0.7,1,1,4:11 AM,10:44 PM,2:27 PM,4:05 AM,Waxing Gibbous,64,2024,5,Spring
,India,New Delhi,28.6,77.2,1715961600,36,96.8,Mist,2.2,3.6,10,N,1003,29.62,0,0,21,0,34.4,94,3.5,2,1,5.4,8.7,907.9,88.7,24.7,19.3,49.7,83.7,3,6,5:30 AM,7:06 PM,1:40 PM,1:58 AM,Waxing Gibbous,64,2024,5,Spring
,Indonesia,Jakarta,-6.21,106.85,1715961600,28,82.4,Mist,2.2,3.6,80,E,1009,29.8,0.06,0,74,25,30.9,87.6,5,3,1,7.6,12.2,24566.699,0,241.3,91.6,798.5,1002.2,6,10,5:54 AM,5:44 PM,1:28 PM,12:59 AM,Waxing Gibbous,64,2024,5,Spring
,Iran,Tehran,35.73,51.33,1715961600,24,75.2,Partly cloudy,9.4,15.1,320,NW,1012,29.87,0,0,24,37,23.2,73.7,10,6,6,18.8,30.2,383.9,13.2,80.2,23.4,4.4,9.5,1,1,4:58 AM,7:05 PM,1:22 PM,1:50 AM,Waxing Gibbous,64,2024,5,Spring
,Iraq,Baghdad,33.34,44.39,1715961600,33,91.4,Clear,11.9,19.1,310,NW,1012,29.88,0,0,14,0,30.9,87.5,10,6,1,23.9,38.5,260.4,123,11.5,4.1,7.7,23.9,1,1,5:01 AM,6:57 PM,1:23 PM,1:46 AM,Waxing Gibbous,64,2024,5,Spring
,Ireland,Dublin,53.33,-6.25,1715961600,17,62.6,Partly cloudy,5.6,9,30,NNE,1012,29.88,0,0,77,75,17,62.6,10,6,3,10.1,16.2,201.9,110.2,3.6,2.6,11.9,18.1,1,1,5:22 AM,9:23 PM,2:36 PM,3:37 AM,Waxing Gibbous,64,2024,5,Spring
,Israel,Jerusalem,31.78,35.23,1715961600,25,77,Sunny,11.9,19.1,340,NNW,1017,30.03,0,0,54,0,25.4,77.7,10,6,6,12.4,19.9,213.6,70.8,22.6,3.4,4.7,7.6,1,1,5:41 AM,7:31 PM,2:02 PM,2:22 AM,Waxing Gibbous,64,2024,5,Spring
,Italy,Rome,41.9,12.48,1715961600,23,73.4,Sunny,6.9,11.2,230,SW,1013,29.91,0,0,38,0,24.5,76.1,10,6,6,8.4,13.5,280.4,88,10.2,0.7,6.3,8.5,1,1,5:48 AM,8:26 PM,2:29 PM,3:05 AM,Waxing Gibbous,64,2024,5,Spring
,Jamaica,Norman Gardens,17.97,-76.75,1715961600,32,89.6,Partly cloudy,18.6,29.9,150,SSE,1014,29.94,0,0,67,25,34.8,94.7,10,6,8,23,37.1,343.8,55.1,2.6,5.2,2.7,5.5,1,1,5:34 AM,6:34 PM,1:53 PM,1:49 AM,Waxing Gibbous,64,2024,5,Spring
,Japan,Tokyo,35.69,139.69,1715961600,18,64.4,Clear,2.5,4,140,SE,1016,30,0,0,77,0,18,64.4,10,6,1,9,14.5,627.5,0,106.9,25.8,36.8,45.1,2,4,4:34 AM,6:41 PM,12:45 PM,1:21 AM,Waxing Gibbous,64,2024,5,Spring
,Jordan,Amman,31.95,35.93,1715961600,27,80.6,Mist,13.6,22,300,WNW,1021,30.15,0,0,39,0,26.6,79.8,5,3,6,18.1,29.2,190.3,101.6,14.4,3.8,5.4,8.8,1,1,5:38 AM,7:28 PM,1:59 PM,2:19 AM,Waxing Gibbous,64,2024,5,Spring
,Kazakhstan,Astana,51.18,71.43,1715961600,16,60.8,Partly cloudy,6.9,11.2,160,SSE,1013,29.91,0,0,82,37,16,60.8,10,6,4,12.1,19.5,340.5,31.5,27.8,44.8,9.1,9.9,1,1,4:20 AM,8:02 PM,1:13 PM,2:19 AM,Waxing Gibbous,64,2024,5,Spring
,Kenya,Nairobi,-1.28,36.82,1715961600,22,71.6,Partly cloudy,9.4,15.1,80,E,1020,30.12,0.1,0,78,75,24.5,76.1,10,6,1,13.9,22.3,3070.8,5.1,59.6,8.5,135.7,195.4,4,10,6:27 AM,6:31 PM,2:13 PM,1:51 AM,Waxing Gibbous,64,2024,5,Spring
,Kiribati,Tarawa,-0.88,169.53,1715961600,29.2,84.5,Thundery outbreaks in nearby,9.8,15.8,83,E,1004,29.65,0.09,0,75,74,34.1,93.3,9,5,1,16.3,26.2,220.3,8.3,0,0,0.5,1,1,1,6:36 AM,6:40 PM,2:07 PM,1:45 AM,Waxing Gibbous,64,2024,5,Spring
,Kuwait,Kuwait City,29.37,47.96,1715961600,34.8,94.6,Clear,2.2,3.6,20,NNE,1008,29.75,0,0,21,0,35.4,95.8,14,8,1,6.8,11,1014.7,4.9,260.5,141.1,70.3,139.9,4,9,4:55 AM,6:35 PM,1:11 PM,1:28 AM,Waxing Gibbous,64,2024,5,Spring
,Kyrghyzstan,Bishkek,42.87,74.6,1715961600,16.4,61.6,Clear,4,6.5,137,SE,1012,29.89,0,0,74,13,16.4,61.6,10,6,1,8.5,13.6,310.4,21.6,30.5,4.7,2.9,3.3,1,1,5:37 AM,8:20 PM,2:09 PM,2:54 AM,Waxing Gibbous,64,2024,5,Spring
,Indonesia,Laos,-8.18,114.32,1715961600,20.4,68.7,Mist,3.4,5.4,187,S,1012,29.88,0.07,0,96,76,20.4,68.7,2,1,1,7,11.3,674.3,10,7.6,1.2,14.8,24.4,1,2,5:27 AM,5:11 PM,12:59 PM,12:26 AM,Waxing Gibbous,64,2024,5,Spring
,Latvia,Riga,56.95,24.1,1715961600,20,68,Sunny,11.9,19.1,10,N,1021,30.15,0,0,46,0,20,68,10,6,4,16.3,26.3,260.4,85.8,7.6,2.7,10,11.3,1,1,5:01 AM,9:41 PM,2:23 PM,3:42 AM,Waxing Gibbous,64,2024,5,Spring
,Lebanon,Beirut,33.87,35.51,1715961600,23,73.4,Sunny,5.6,9,250,WSW,1020,30.12,0,0,69,0,25,76.9,8,4,6,12.4,19.9,203.6,85.1,1.1,3.5,6.6,11.4,1,1,5:36 AM,7:34 PM,1:59 PM,2:23 AM,Waxing Gibbous,64,2024,5,Spring
,Lesotho,Maseru,-29.32,27.48,1715961600,16.4,61.6,Clear,5.8,9.4,239,WSW,1020,30.13,0,0,33,3,16.5,61.6,10,6,1,12.2,19.7,270.4,45.8,6.2,1.7,12.1,27.1,1,2,6:48 AM,5:25 PM,2:06 PM,1:08 AM,Waxing Gibbous,64,2024,5,Spring
,Liberia,Monrovia,6.31,-10.8,1715961600,31,87.8,Partly cloudy,8.1,13,230,SW,1011,29.85,0,0,75,50,37.9,100.2,10,6,7,10.8,17.3,327.1,40.8,0.2,0.1,0.7,4.6,1,1,6:27 AM,6:52 PM,2:25 PM,2:11 AM,Waxing Gibbous,64,2024,5,Spring
,Thailand,Nan,18.78,100.78,1715961600,26.9,80.4,Patchy rain nearby,2.2,3.6,149,SSE,1008,29.77,0.92,0.04,83,72,30.5,86.9,9,5,1,2.4,3.9,587.5,1.1,5.7,0.9,5.6,7.1,1,1,5:42 AM,6:45 PM,1:39 PM,1:43 AM,Waxing Gibbous,64,2024,5,Spring
,Liechtenstein,Vaduz,47.13,9.52,1715961600,16,60.8,Partly cloudy,9.4,15.1,250,WSW,1010,29.83,0.61,0.02,63,25,16,60.8,10,6,3,13.9,22.3,175.2,70.1,0.6,0.2,0.9,0.9,1,1,5:44 AM,8:54 PM,2:37 PM,3:23 AM,Waxing Gibbous,64,2024,5,Spring
,Lithuania,Vilnius,54.68,25.32,1715961600,22,71.6,Sunny,6.9,11.2,40,NE,1019,30.09,0,0,38,0,24.6,76.2,10,6,5,8.5,13.6,247,59.4,9.8,2,6.8,11.2,1,1,5:09 AM,9:23 PM,2:21 PM,3:32 AM,Waxing Gibbous,64,2024,5,Spring
,Luxembourg,Luxembourg,49.61,6.13,1715961600,12,53.6,Heavy rain at times,16.1,25.9,280,W,1008,29.77,1.7,0.07,94,75,9.2,48.5,4.5,2,3,27.8,44.7,193.6,76.5,5.6,0.3,0.9,1,1,1,5:48 AM,9:17 PM,2:48 PM,3:41 AM,Waxing Gibbous,64,2024,5,Spring
,Madagascar,Antananarivo,-18.92,47.52,1715961600,19,66.2,Partly cloudy,6.9,11.2,100,E,1022,30.18,0,0,78,75,19,66.2,10,6,1,10.2,16.5,474,31.8,3.1,2.3,6.5,15,1,1,6:10 AM,5:22 PM,1:38 PM,12:54 AM,Waxing Gibbous,64,2024,5,Spring
,Malawi,Lilongwe,-13.98,33.78,1715961600,23,73.4,Clear,8.1,13,90,E,1020,30.12,0.01,0,50,0,24.9,76.8,10,6,1,12.5,20.2,223.6,40.1,0.5,0.2,0.8,2.4,1,1,5:58 AM,5:25 PM,1:32 PM,12:54 AM,Waxing Gibbous,64,2024,5,Spring
,Malaysia,Kuala Lumpur,3.17,101.7,1715961600,27,80.6,Partly cloudy,2.2,3.6,56,ENE,1009,29.8,0.21,0.01,89,25,31.1,87.9,10,6,1,6.7,10.8,4379.3,0,50.7,31.5,94.3,121.1,4,10,7:02 AM,7:18 PM,2:44 PM,2:27 AM,Waxing Gibbous,64,2024,5,Spring
,Maldives,Felidhoo,3.48,73.53,1715961600,29.5,85.2,Light rain shower,20.4,32.8,269,W,1010,29.84,0.41,0.02,77,76,35.3,95.6,10,6,1,27.7,44.6,230.3,25.4,0,0.1,1.9,5.4,1,1,5:54 AM,6:11 PM,1:40 PM,1:23 AM,Waxing Gibbous,64,2024,5,Spring
,Mali,Bamako,12.65,-8,1715961600,34,93.2,Partly cloudy,2.2,3.6,217,SW,1013,29.91,0.13,0.01,44,25,33.7,92.6,10,6,8,7.5,12,353.8,24.3,0.4,0.4,2,5.1,1,1,6:07 AM,6:50 PM,2:11 PM,2:04 AM,Waxing Gibbous,64,2024,5,Spring
,Malta,Valletta,35.9,14.51,1715961600,30,86,Sunny,4.3,6.8,220,SW,1013,29.91,0,0,31,0,34.6,94.3,10,6,6,6.1,9.8,205.3,80.1,9.5,0.7,7.5,21.9,1,1,5:55 AM,8:03 PM,2:25 PM,2:50 AM,Waxing Gibbous,64,2024,5,Spring
,Marshall Islands,Majuro,7.1,171.38,1715961600,27,80.6,Overcast,5.6,9,50,NE,1006,29.7,0,0,89,100,30,86,24,14,1,24.8,39.9,178.6,34,0,0.1,3.5,12.3,1,1,6:17 AM,6:44 PM,1:55 PM,1:44 AM,Waxing Gibbous,64,2024,5,Spring
,Mauritania,Nouakchott,18.09,-15.98,1715961600,22,71.5,Sunny,16.8,27,305,NW,1012,29.88,0,0,67,0,22,71.5,10,6,6,29.6,47.7,198.6,71.5,0.2,0.5,13.7,74.3,1,2,6:30 AM,7:31 PM,2:41 PM,2:40 AM,Waxing Gibbous,64,2024,5,Spring
,Mauritius,Port Louis,-20.16,57.5,1715961600,24,75.2,Partly cloudy,16.1,25.9,100,E,1019,30.09,0,0,61,50,25.6,78,10,6,1,22.9,36.8,230.3,49.4,1.8,1.6,3.3,15.8,1,1,6:32 AM,5:41 PM,1:58 PM,1:12 AM,Waxing Gibbous,64,2024,5,Spring
,Mexico,Mexico City,19.43,-99.13,1715961600,23,73.4,Sunny,4.3,6.8,160,SSE,1024,30.24,0,0,44,0,24,75.1,9.7,6,6,8.7,14,2430,66.5,123.4,45.3,75.1,97.8,4,10,6:00 AM,7:06 PM,2:24 PM,2:21 AM,Waxing Gibbous,64,2024,5,Spring
,Micronesia,Palikir,6.92,158.15,1715961600,26,78.8,Moderate rain,4.3,6.8,140,SE,1008,29.77,0.01,0,94,100,28.6,83.4,9.7,6,1,21.5,34.7,185.3,30.4,0.1,0,0.5,0.8,1,1,6:10 AM,6:37 PM,1:50 PM,1:39 AM,Waxing Gibbous,64,2024,5,Spring
,Iran,Chi Chi Khvar,36.26,46.59,1715961600,12.9,55.2,Sunny,13.9,22.3,230,SW,1014,29.94,0,0,38,0,10.8,51.5,10,6,4,22.1,35.5,203.6,124.5,2,1.5,5.7,6.7,1,1,5:16 AM,7:25 PM,1:42 PM,2:10 AM,Waxing Gibbous,64,2024,5,Spring
,Monaco,Monaco,43.73,7.42,1715961600,20,68,Partly cloudy,11.9,19.1,200,SSW,1011,29.85,0,0,73,25,20,68,10,6,5,16.3,26.3,191.9,90.8,1.8,0.5,1.6,1.9,1,1,6:03 AM,8:51 PM,2:49 PM,3:28 AM,Waxing Gibbous,64,2024,5,Spring
,Mongolia,Ulaanbaatar,47.92,106.92,1715961600,9,48.2,Partly cloudy,6.9,11.2,350,N,1018,30.06,0,0,50,50,7.6,45.6,10,6,1,11.4,18.4,287.1,50.1,7.6,16.2,5.4,6.2,1,1,5:11 AM,8:27 PM,1:49 PM,2:51 AM,Waxing Gibbous,64,2024,5,Spring
,Montenegro,Podgorica,42.44,19.26,1715961600,23,73.4,Partly cloudy,4.3,6.8,290,WNW,1013,29.91,0,0,78,25,25.1,77.1,10,6,5,7.4,11.9,191.9,63.7,2.4,1.1,31.1,138.3,2,3,5:19 AM,8:00 PM,2:00 PM,2:38 AM,Waxing Gibbous,64,2024,5,Spring
,Mozambique,Maputo,-25.97,32.59,1715961600,27,80.6,Clear,5.6,9,40,NE,1016,30,0,0,58,0,29,84.2,10,6,1,12.6,20.3,467.3,21.5,4.3,1.5,13.4,37.4,1,2,6:21 AM,5:10 PM,1:43 PM,12:50 AM,Waxing Gibbous,64,2024,5,Spring
,Myanmar,Pathein,16.78,94.73,1715961600,29.6,85.3,Clear,6.9,11.2,268,W,1008,29.77,0,0,76,10,35.3,95.5,10,6,1,10,16.1,280.4,14.5,0.3,0.1,2.1,5.2,1,1,5:40 AM,6:36 PM,1:35 PM,1:36 AM,Waxing Gibbous,64,2024,5,Spring
,Namibia,Windhoek,-22.57,17.08,1715961600,25,77,Sunny,9.4,15.1,90,E,1027,30.33,0,0,19,0,24,75.1,10,6,6,16,25.7,230.3,64.4,1,5.7,13.6,18.1,1,2,7:18 AM,6:18 PM,2:44 PM,1:57 AM,Waxing Gibbous,64,2024,5,Spring
,Turkey,Yaren,39.55,27.62,1715961600,28,82.4,Sunny,5.6,9,280,W,1014,29.94,0,0,37,0,32,89.7,10,6,5,8.9,14.4,237,131.6,3,5,24.9,26.2,2,3,5:54 AM,8:19 PM,2:28 PM,3:01 AM,Waxing Gibbous,64,2024,5,Spring
,Nepal,Kathmandu,27.72,85.32,1715961600,25,77,Partly cloudy,3.8,6.1,170,S,1015,29.97,0,0,44,75,24.7,76.4,7,4,1,8.3,13.3,894.6,77.3,21.1,6.4,54.9,95.7,3,7,5:14 AM,6:47 PM,1:22 PM,1:39 AM,Waxing Gibbous,64,2024,5,Spring
,Netherlands,Amsterdam,52.37,4.89,1715961600,16,60.8,Partly cloudy,12.5,20.2,310,NW,1009,29.8,0.86,0.03,88,50,16,60.8,8,4,4,17,27.4,223.6,77.3,16.5,3.1,8.5,10.7,1,1,5:42 AM,9:34 PM,2:50 PM,3:50 AM,Waxing Gibbous,64,2024,5,Spring
,New Zealand,Wellington,-41.3,174.78,1715961600,13,55.4,Partly cloudy,28.6,46.1,350,N,1016,30,0,0,67,75,9.6,49.2,10,6,1,48,77.3,220.3,45.8,0.1,0.1,1.3,6,1,1,7:25 AM,5:10 PM,2:17 PM,12:41 AM,Waxing Gibbous,64,2024,5,Spring
,Nicaragua,Managua,12.15,-86.27,1715961600,30,86,Partly cloudy,4.3,6.8,90,E,1011,29.85,1.42,0.06,84,50,34.6,94.3,10,6,6,5.5,8.8,527.4,18.1,13,15.3,26.3,29.2,2,3,5:21 AM,6:03 PM,1:34 PM,1:24 AM,Waxing Gibbous,64,2024,5,Spring
,Niger,Niamey,13.52,2.12,1715961600,40,104,Sunny,12.5,20.2,290,WNW,1008,29.77,0,0,19,0,39.9,103.8,7,4,10,17,27.4,343.8,42.9,1.2,0.5,50.7,229.4,3,6,6:25 AM,7:11 PM,2:29 PM,2:23 AM,Waxing Gibbous,64,2024,5,Spring
,Nigeria,Abuja,9.18,7.18,1715961600,30.2,86.4,Sunny,2.9,4.7,295,WNW,1010,29.82,0,0,56,7,32.9,91.1,10,6,8,3.6,5.8,474,25.8,1.8,0.1,3.6,6.7,1,1,6:11 AM,6:44 PM,2:10 PM,1:59 AM,Waxing Gibbous,64,2024,5,Spring
,North Korea,Pyongyang,39.02,125.75,1715961600,13.9,57,Clear,6.3,10.1,142,SE,1016,29.99,0,0,83,0,13.3,55.9,10,6,1,11.2,18,427.3,89.4,19.5,54.8,39.7,61.3,2,4,5:23 AM,7:45 PM,1:40 PM,2:21 AM,Waxing Gibbous,64,2024,5,Spring
,Macedonia,Skopje,42,21.43,1715961600,21,69.8,Partly cloudy,2.2,3.6,87,E,1014,29.94,0,0,64,50,21,69.8,10,6,5,10.7,17.2,208.6,93,5.4,11.9,11.6,28,1,1,5:12 AM,7:51 PM,1:52 PM,2:28 AM,Waxing Gibbous,64,2024,5,Spring
,Norway,Oslo,59.92,10.75,1715961600,22,71.6,Sunny,6.9,11.2,190,S,1019,30.09,0,0,23,0,23.1,73.6,10,6,5,11.9,19.1,198.6,107.3,6.2,6.3,3.7,4.2,1,1,4:34 AM,9:54 PM,2:14 PM,3:42 AM,Waxing Gibbous,64,2024,5,Spring
,Oman,Muscat,23.61,58.59,1715961600,35,95,Clear,3.8,6.1,80,E,1006,29.71,0,0,37,0,40.4,104.7,10,6,1,5.5,8.8,323.8,176,6.9,21.5,54.5,88.8,3,7,5:23 AM,6:41 PM,1:31 PM,1:40 AM,Waxing Gibbous,64,2024,5,Spring
,Pakistan,Islamabad,33.7,73.17,1715961600,31.3,88.4,Clear,6.9,11.2,12,NNE,1004,29.66,0,0,25,11,29.8,85.6,10,6,1,14.6,23.4,1815.8,0.9,94.6,4.5,29.6,62.3,2,3,5:05 AM,7:03 PM,1:23 PM,1:50 AM,Waxing Gibbous,64,2024,5,Spring
,Palau,Meyungs,7.35,134.45,1715961600,27,80.6,Partly cloudy,2.2,3.6,10,N,1009,29.79,0.21,0.01,89,75,30.5,86.9,24,14,1,11.1,17.8,176.9,25.8,0.1,0.1,2,4.5,1,1,5:45 AM,6:12 PM,1:27 PM,1:16 AM,Waxing Gibbous,64,2024,5,Spring
,Bolivia,National,-11.18,-67.08,1715961600,32.9,91.2,Sunny,4,6.5,326,NNW,1013,29.91,0,0,44,12,35,95.1,10,6,9,4.6,7.5,217,5.2,0,0,0.5,0.5,1,1,6:37 AM,6:12 PM,2:23 PM,1:52 AM,Waxing Gibbous,64,2024,5,Spring
,Panama,Panama City,8.97,-79.53,1715961600,30,86,Partly cloudy,3.8,6.1,140,SE,1012,29.88,0.09,0,75,37,35.9,96.6,9,5,6,7.1,11.5,383.9,40.8,6,9.5,2.5,3,1,1,5:58 AM,6:31 PM,2:07 PM,1:55 AM,Waxing Gibbous,64,2024,5,Spring
,Papua New Guinea,Port Moresby,-9.46,147.19,1715961600,25,77,Partly cloudy,2.2,3.6,120,ESE,1007,29.74,0.01,0,100,50,28,82.3,10,6,1,10.1,16.3,230.3,14,4.9,3.4,5,6.1,1,1,6:17 AM,5:58 PM,1:45 PM,1:10 AM,Waxing Gibbous,64,2024,5,Spring
,Paraguay,Pasto,-19.45,-61.15,1715961600,22.7,72.9,Overcast,6.5,10.4,210,SSW,1016,29.99,0,0,55,100,24.7,76.5,10,6,6,7.5,12,205.3,7.8,0.1,0,0.7,0.7,1,1,6:26 AM,5:36 PM,2:02 PM,1:23 AM,Waxing Gibbous,64,2024,5,Spring
,Peru,Lima,-12.05,-77.05,1715961600,19.6,67.3,Partly Cloudy,8.1,13,196,SSW,1015,29.97,0,0,81,36,19.6,67.3,10,6,6,9.3,14.9,290.4,57.2,5.4,4.5,10.7,22.6,1,1,6:18 AM,5:51 PM,2:04 PM,1:33 AM,Waxing Gibbous,64,2024,5,Spring
,Philippines,Manila,14.6,120.98,1715961600,28,82.4,Partly cloudy,4.3,6.8,20,NNE,1011,29.85,0.36,0.01,74,75,31.7,89,10,6,1,4.7,7.6,794.4,3.7,23,7,19.3,31,2,2,5:28 AM,6:17 PM,1:18 PM,1:17 AM,Waxing Gibbous,64,2024,5,Spring
,Poland,Warsaw,52.25,21,1715961600,22,71.6,Sunny,18.6,29.9,130,SE,1015,29.97,0,0,29,0,24.2,75.6,10,6,5,23,37.1,212,83,2.8,3.6,3,3.6,1,1,4:37 AM,8:28 PM,1:43 PM,2:45 AM,Waxing Gibbous,64,2024,5,Spring
,Portugal,Lisbon,38.72,-9.13,1715961600,19,66.2,Partly cloudy,15,24.1,330,NNW,1013,29.91,0,0,52,50,19,66.2,10,6,5,18.3,29.4,188.6,93,1.5,0.9,1,1.8,1,1,6:22 AM,8:44 PM,3:02 PM,3:29 AM,Waxing Gibbous,64,2024,5,Spring
,Qatar,Doha,25.29,51.53,1715961600,35,95,Clear,6.9,11.2,120,ESE,1006,29.71,0,0,35,0,38.3,100.9,10,6,1,20.7,33.3,283.7,34.7,46.6,17.4,39.4,171.2,2,4,4:48 AM,6:13 PM,12:58 PM,1:10 AM,Waxing Gibbous,64,2024,5,Spring
,Romania,Bucharest,44.43,26.1,1715961600,18,64.4,Partly cloudy,8.1,13,90,E,1019,30.09,0,0,52,50,18,64.4,10,6,4,13.3,21.4,243.7,83.7,6.1,2.4,5.3,6.5,1,1,5:46 AM,8:39 PM,2:30 PM,3:13 AM,Waxing Gibbous,64,2024,5,Spring
,Russia,Moscow,55.75,37.62,1715961600,20,68,Sunny,13.6,22,10,N,1016,30,0,0,37,0,20,68,10,6,5,13.7,22,240.3,57.9,29.8,11.3,2.9,4.6,1,1,4:14 AM,8:39 PM,1:28 PM,2:44 AM,Waxing Gibbous,64,2024,5,Spring
,Rwanda,Kigali,-1.95,30.06,1715961600,25,77,Partly cloudy,4.3,6.8,360,N,1018,30.06,0.05,0,61,50,27.6,81.6,10,6,1,8.7,14,320.4,21.8,2.2,1,3.6,6.8,1,1,5:56 AM,5:57 PM,1:41 PM,1:18 AM,Waxing Gibbous,64,2024,5,Spring
,Saint Kitts and Nevis,Basseterre,17.3,-62.72,1715962500,31,87.8,Partly cloudy,15,24.1,70,ENE,1016,30,0.01,0,79,37,38.8,101.8,10,6,6,16.5,26.5,201.9,39,0.6,0.6,1.4,3.4,1,1,5:39 AM,6:36 PM,1:55 PM,1:51 AM,Waxing Gibbous,64,2024,5,Spring
,Saint Lucia,Castries,14,-61,1715962500,31,87.8,Partly cloudy,23,37.1,90,E,1015,29.97,0.07,0,79,37,37.4,99.3,10,6,7,27.5,44.3,176.9,30.4,0.1,0.1,3,8.3,1,1,5:37 AM,6:24 PM,1:49 PM,1:42 AM,Waxing Gibbous,64,2024,5,Spring
,Saint Vincent and the Grenadines,Kingstown,13.13,-61.22,1715962500,31,87.8,Partly cloudy,21.7,34.9,110,ESE,1015,29.97,0.01,0,75,50,40,104,10,6,6,22.2,35.7,205.3,34,0.2,0.3,2.8,9.9,1,1,5:39 AM,6:24 PM,1:50 PM,1:42 AM,Waxing Gibbous,64,2024,5,Spring
,Samoa,Apia,-13.83,-171.73,1715962500,25,77,Partly cloudy,5.6,9,100,E,1008,29.77,0.15,0.01,94,75,27,80.5,10,6,1,22.9,36.9,210.3,18.8,0.4,0.2,0.5,1.1,1,1,6:39 AM,6:07 PM,1:59 PM,1:17 AM,Waxing Gibbous,64,2024,5,Spring
,San Marino,San Marino,43.93,12.45,1715961600,21,69.8,Partly cloudy,9.4,15.1,90,E,1011,29.85,0,0,56,50,21,69.8,10,6,6,17.5,28.1,208.6,114.4,2.1,1.5,8.6,11.2,1,1,5:42 AM,8:32 PM,2:27 PM,3:07 AM,Waxing Gibbous,64,2024,5,Spring
,Belgium,'S Gravenstaffel,50.88,2.98,1715961600,16,60.8,Partly cloudy,8.1,13,340,NNW,1010,29.83,0,0,68,75,16,60.8,10,6,4,12.4,19.9,198.6,81.5,3.3,1.1,2,2.7,1,1,5:55 AM,9:35 PM,3:00 PM,3:55 AM,Waxing Gibbous,64,2024,5,Spring
,Saudi Arabia,Riyadh,24.64,46.77,1715962500,34,93.2,Clear,11.9,19.1,360,N,1013,29.91,0,0,12,0,32,89.6,10,6,1,21.3,34.3,227,95.8,16.1,27.2,29.1,119.9,2,3,5:08 AM,6:31 PM,1:19 PM,1:29 AM,Waxing Gibbous,64,2024,5,Spring
,Senegal,Dakar,14.67,-17.44,1715962500,26,78.8,Sunny,9.4,15.1,320,NW,1012,29.88,0,0,70,0,28,82.4,10,6,6,21.3,34.2,178.6,98.7,0.5,1.2,8,30.6,1,1,6:41 AM,7:32 PM,2:49 PM,2:44 AM,Waxing Gibbous,64,2024,5,Spring
,Serbia,Belgrade,44.8,20.47,1715962500,20,68,Sunny,16.1,25.9,120,ESE,1012,29.88,0.52,0.02,56,0,20,68,10,6,4,24.6,39.6,210.3,87.3,2.7,4,5.6,10,1,1,5:07 AM,8:03 PM,1:53 PM,2:36 AM,Waxing Gibbous,64,2024,5,Spring
,Seychelles Islands,Victoria,-4.62,55.45,1715961600,28,82.4,Clear,3.8,6.1,280,W,1008,29.77,0.05,0,84,0,32.5,90.6,10,6,1,10.8,17.3,243.7,39.3,0.3,0.3,2.2,4.6,1,1,6:17 AM,6:11 PM,1:58 PM,1:32 AM,Waxing Gibbous,64,2024,5,Spring
,Sierra Leone,Freetown,8.49,-13.23,1715962500,24,75.2,Moderate or heavy rain with thunder,2.2,3.6,233,SW,1010,29.83,0.38,0.01,89,75,25.7,78.3,7,4,6,11.6,18.7,574.1,62.2,1.5,1.2,8.5,15.1,1,1,6:33 AM,7:05 PM,2:34 PM,2:22 AM,Waxing Gibbous,64,2024,5,Spring
,Singapore,Singapore,1.29,103.86,1715962500,28,82.4,Partly cloudy,2.2,3.6,70,ENE,1010,29.83,0.52,0.02,89,75,32,89.6,10,6,1,9.7,15.6,1468.7,0,25.7,31,15.4,18.8,1,2,6:56 AM,7:06 PM,2:36 PM,2:17 AM,Waxing Gibbous,64,2024,5,Spring
,Slovakia,Bratislava,48.15,17.12,1715961600,13,55.4,Light rain shower,9.4,15.1,40,NE,1012,29.88,0.41,0.02,94,75,11.6,52.9,6,3,3,17.9,28.7,220.3,47.2,9.1,2.2,3.9,4.2,1,1,5:10 AM,8:27 PM,2:04 PM,2:54 AM,Waxing Gibbous,64,2024,5,Spring
,Slovenia,Ljubljana,46.06,14.51,1715962500,17,62.6,Partly cloudy,10.5,16.9,320,NW,1011,29.85,0,0,55,25,17,62.6,10,6,5,15,24.1,191.9,94.4,1.2,0.6,1.9,2.8,1,1,5:27 AM,8:30 PM,2:17 PM,3:02 AM,Waxing Gibbous,64,2024,5,Spring
,Solomon Islands,Honiara,-9.43,159.95,1715962500,25.7,78.3,Partly Cloudy,4.5,7.2,168,SSE,1006,29.72,0,0,86,32,28.6,83.4,10,6,1,6.4,10.3,212,31.5,0.5,0.3,0.8,2.2,1,1,6:26 AM,6:07 PM,1:52 PM,1:18 AM,Waxing Gibbous,64,2024,5,Spring
,Somalia,Mogadishu,2.07,45.37,1715962500,29,84.2,Partly cloudy,11.9,19.1,210,SSW,1009,29.8,0,0,89,25,35.1,95.2,10,6,1,23.8,38.3,250.3,35.8,0.2,0.2,4.6,16.3,1,1,5:49 AM,6:01 PM,1:37 PM,1:18 AM,Waxing Gibbous,64,2024,5,Spring
,South Africa,Pretoria,-25.75,28.19,1715962500,24,75.2,Clear,4.3,6.8,230,SW,1025,30.27,0,0,22,0,23.2,73.7,10,6,1,9.9,15.9,701,81.5,24,44.4,45.9,64.7,3,5,6:39 AM,5:29 PM,2:01 PM,1:08 AM,Waxing Gibbous,64,2024,5,Spring
,South Korea,Seoul,37.57,127,1715961600,16,60.8,Clear,2.5,4,50,NE,1016,30,0,0,82,0,16,60.8,10,6,1,3.5,5.7,534.1,0.1,83.6,14.2,22.9,36.1,2,2,5:21 AM,7:37 PM,1:36 PM,2:15 AM,Waxing Gibbous,64,2024,5,Spring
,Sudan,Juba,12.15,24.45,1715962500,37.9,100.2,Sunny,7.2,11.5,56,ENE,1006,29.71,0,0,8,5,36.9,98.4,10,6,9,8.2,13.2,180.2,90.1,0.1,0.1,22.1,105.1,2,2,5:58 AM,6:40 PM,1:58 PM,1:51 AM,Waxing Gibbous,64,2024,5,Spring
,Spain,Madrid,40.4,-3.68,1715962500,19,66.2,Partly cloudy,8.1,13,270,W,1010,29.83,0,0,40,50,19,66.2,10,6,4,12.5,20.2,205.3,68,7.6,0.2,0.6,1.3,1,1,6:56 AM,9:27 PM,3:38 PM,4:08 AM,Waxing Gibbous,64,2024,5,Spring
,Sri Lanka,Colombo,6.93,79.85,1715962500,26,78.8,Partly cloudy,3.8,6.1,100,E,1009,29.8,0.4,0.02,94,25,29,84.1,10,6,1,15.9,25.6,280.4,41.1,6.3,2.9,1.8,4.1,1,1,5:54 AM,6:20 PM,1:42 PM,1:30 AM,Waxing Gibbous,64,2024,5,Spring
,Sudan,Khartoum,15.59,32.53,1715962500,39.8,103.7,Sunny,9.2,14.8,319,NW,1005,29.68,0,0,6,3,39.7,103.4,10,6,9,10.6,17,217,101.6,1.3,0.7,18.9,95.7,2,2,5:20 AM,6:13 PM,1:23 PM,1:20 AM,Waxing Gibbous,64,2024,5,Spring
,Suriname,Paramaribo,5.83,-55.17,1715962500,26.5,79.7,Light rain shower,12.8,20.5,75,ENE,1013,29.92,1.13,0.04,90,53,30.6,87.1,10,6,6,24,38.6,230.3,25,0.1,0,0.8,1.5,1,1,6:25 AM,6:49 PM,2:28 PM,2:13 AM,Waxing Gibbous,64,2024,5,Spring
,Sweden,Stockholm,59.33,18.05,1715962500,20,68,Sunny,10.5,16.9,150,SSE,1022,30.18,0,0,32,0,20,68,10,6,5,15,24.1,257,83,15.9,14.3,5,7,1,1,4:09 AM,9:21 PM,1:45 PM,3:11 AM,Waxing Gibbous,64,2024,5,Spring
,Switzerland,Bern,46.92,7.47,1715962500,16,60.8,Partly cloudy,6.9,11.2,260,W,1010,29.83,0.04,0,55,50,16,60.8,10,6,4,11.4,18.4,195.3,61.5,4.9,1.2,1.1,1.3,1,1,5:52 AM,9:02 PM,2:45 PM,3:31 AM,Waxing Gibbous,64,2024,5,Spring
,Syria,Damascus,33.5,36.3,1715962500,30,86,Partly cloudy,11.9,19.1,220,SW,1017,30.03,0,0,19,50,28.6,83.5,10,6,7,18.1,29.2,200.3,95.8,13.2,13.5,9.8,25.2,1,1,5:33 AM,7:30 PM,1:56 PM,2:19 AM,Waxing Gibbous,64,2024,5,Spring
,Tajikistan,Dushanbe,38.56,68.77,1715962500,25,77,Patchy light rain with thunder,6.9,11.2,30,NNE,1011,29.85,0.01,0,54,25,26.3,79.3,10,6,1,11.4,18.4,230.3,54.4,2.3,3.9,5.4,12.1,1,1,5:12 AM,7:32 PM,1:38 PM,2:12 AM,Waxing Gibbous,64,2024,5,Spring
,Tanzania,Dodoma,-6.18,35.75,1715962500,23,73.4,Clear,6.3,10.1,115,ESE,1013,29.91,0,0,48,11,24.7,76.4,10,6,1,12.2,19.6,243.7,30,0.9,0.3,1.9,3.4,1,1,6:38 AM,6:28 PM,2:20 PM,1:52 AM,Waxing Gibbous,64,2024,5,Spring
,Timor-Leste,Dili,-8.56,125.57,1715962500,25,76.9,Clear,5.4,8.6,159,SSE,1012,29.88,0,0,74,14,26.7,80.1,10,6,1,7.6,12.3,217,22.4,0.3,0.1,0.5,1,1,1,6:43 AM,6:25 PM,2:12 PM,1:40 AM,Waxing Gibbous,64,2024,5,Spring
,Bulgaria,Lom,43.81,23.24,1715962500,16,60.8,Partly cloudy,17.4,28.1,50,NE,1017,30.03,0,0,63,75,16,60.8,10,6,1,21.9,35.3,212,73,1,0.4,3.6,4,1,1,5:59 AM,8:48 PM,2:42 PM,3:24 AM,Waxing Gibbous,64,2024,5,Spring
,Tonga,Nuku`Aloia,-21.13,-175.2,1715962500,23,73.4,Partly cloudy,2.2,3.6,64,ENE,1012,29.88,0.34,0.01,100,25,25.1,77.2,10,6,1,18.7,30.1,223.6,45.4,0.1,0.1,1.7,4.4,1,1,7:05 AM,6:10 PM,2:18 PM,1:24 AM,Waxing Gibbous,64,2024,5,Spring
,Trinidad and Tobago,Port Of Spain,10.65,-61.52,1715962500,27,80.6,Overcast,6.9,11.2,130,SE,1013,29.91,0.02,0,94,50,28.2,82.8,10,6,7,14.8,23.8,233.7,33.3,0.7,0.5,1.9,5.8,1,1,5:44 AM,6:21 PM,1:53 PM,1:42 AM,Waxing Gibbous,64,2024,5,Spring
,Tunisia,Tunis,36.8,10.18,1715961600,27,80.6,Partly cloudy,6.9,11.2,60,ENE,1010,29.83,0.11,0,37,25,26.5,79.8,10,6,6,15.5,24.9,213.6,107.3,3.3,3.9,8.4,32.8,1,1,5:10 AM,7:22 PM,1:43 PM,2:08 AM,Waxing Gibbous,64,2024,5,Spring
,Turkey,Ankara,39.93,32.86,1715961600,24,75.2,Partly cloudy,8.1,13,280,W,1017,30.03,0.01,0,39,50,25.5,78,10,6,4,10.8,17.4,280.4,39,33.2,7,5.8,9.4,1,1,5:32 AM,7:59 PM,2:06 PM,2:40 AM,Waxing Gibbous,64,2024,5,Spring
,Turkmenistan,Ashgabat,37.95,58.38,1715962500,21,69.8,Partly cloudy,4.3,6.8,250,WSW,1009,29.8,0.18,0.01,73,75,21,69.8,10,6,1,8.7,14,237,47.9,3.4,2.3,5.7,11,1,1,5:55 AM,8:12 PM,2:21 PM,2:54 AM,Waxing Gibbous,64,2024,5,Spring
,Tuvalu,Funafuti,-8.52,179.22,1715962500,28,82.4,Partly cloudy,2.2,3.6,10,N,1006,29.71,0,0,89,75,31.1,87.9,10,6,1,10.3,16.6,213.6,9.7,0,0,0.5,0.8,1,1,6:08 AM,5:51 PM,1:33 PM,12:59 AM,Waxing Gibbous,64,2024,5,Spring
,Uganda,Kampala,0.32,32.57,1715962500,25,77,Partly cloudy,8.1,13,270,W,1015,29.97,0,0,74,25,26.7,80.1,10,6,1,8.5,13.8,487.3,27.5,2.6,1.4,10.9,18.1,1,1,6:42 AM,6:50 PM,2:29 PM,2:09 AM,Waxing Gibbous,64,2024,5,Spring
,Ukraine,Kyiv,50.43,30.52,1715961600,16.4,61.5,Partly Cloudy,7.2,11.5,262,W,1020,30.11,0,0,59,46,16.4,61.5,10,6,5,12.6,20.3,223.6,65.8,15.9,4.2,4.7,5.8,1,1,5:07 AM,8:42 PM,2:05 PM,3:03 AM,Waxing Gibbous,64,2024,5,Spring
,United Arab Emirates,Abu Dhabi,24.47,54.37,1715962500,33,91.4,Clear,6.9,11.2,360,N,1006,29.71,0,0,44,0,40.2,104.3,10,6,1,24.9,40.1,227,111.6,0.5,0.9,43.5,160.5,3,5,5:38 AM,7:00 PM,1:47 PM,1:58 AM,Waxing Gibbous,64,2024,5,Spring
,United Kingdom,London,51.52,-0.11,1715962500,21,69.8,Sunny,3.8,6.1,80,E,1010,29.83,0.4,0.02,43,0,21,69.8,10,6,4,8.3,13.3,207,75.1,19.4,8,2.5,2.9,1,1,5:05 AM,8:49 PM,2:12 PM,3:09 AM,Waxing Gibbous,64,2024,5,Spring
,United States of America,Washington Park,46.6,-120.49,1715962500,13.3,55.9,Sunny,6.9,11.2,300,WNW,1016,30,0,0,31,0,13,55.4,16,9,4,11.4,18.4,217,85.8,1.2,0.2,0.5,1.1,1,1,5:25 AM,8:33 PM,2:40 PM,3:08 AM,Waxing Gibbous,64,2024,5,Spring
,Uruguay,Montevideo,-34.86,-56.17,1715962500,14,57.2,Partly cloudy,9.4,15.1,230,SW,1017,30.03,0,0,67,50,12.6,54.6,10,6,5,14.5,23.3,283.7,52.9,2.1,5.4,3.1,4.5,1,1,7:34 AM,5:48 PM,2:49 PM,1:50 AM,Waxing Gibbous,64,2024,5,Spring
,Uzbekistan,Tashkent,41.32,69.25,1715961600,26,78.8,Light rain,2.2,3.6,291,WNW,1010,29.83,0,0,58,62,26.2,79.1,10,6,1,3.9,6.3,674.3,80.8,144,14.8,60.2,62.2,3,8,5:02 AM,7:37 PM,1:33 PM,2:14 AM,Waxing Gibbous,64,2024,5,Spring
,Vanuatu,Port Vila,-17.73,168.32,1715962500,24.6,76.2,Patchy rain nearby,13.6,22,122,ESE,1009,29.8,0.04,0,86,95,26.8,80.3,10,6,1,19.3,31.1,220.3,47.9,0.2,0.2,3.3,17.5,1,1,6:05 AM,5:21 PM,1:24 PM,12:35 AM,Waxing Gibbous,64,2024,5,Spring
,Venezuela,Caracas,10.5,-66.92,1715962500,30,86,Partly cloudy,5.6,9,70,ENE,1013,29.91,0.71,0.03,79,50,33.6,92.5,10,6,6,10.1,16.2,400.5,73.7,14.7,31.5,6,6.8,1,1,6:05 AM,6:43 PM,2:15 PM,2:04 AM,Waxing Gibbous,64,2024,5,Spring
,Vietnam,Hanoi,21.03,105.85,1715962500,27,80.6,Partly cloudy,10.5,16.9,140,SE,1010,29.83,0.56,0.02,84,75,32,89.6,10,6,1,15,24.1,741,37.2,35.3,25,38.2,52.6,2,4,5:18 AM,6:28 PM,1:17 PM,1:25 AM,Waxing Gibbous,64,2024,5,Spring
,Yemen,Sanaa,15.35,44.21,1715962500,24.9,76.7,Partly Cloudy,15.7,25.2,58,ENE,1012,29.89,0,0,30,32,24.6,76.3,10,6,1,18,29,175.2,60.8,2.2,4.4,23.3,100.6,2,2,5:34 AM,6:25 PM,1:35 PM,1:32 AM,Waxing Gibbous,64,2024,5,Spring
,Zambia,Lusaka,-15.42,28.28,1715962500,20.9,69.7,Clear,5.8,9.4,129,SE,1017,30.03,0,0,41,11,20.9,69.7,10,6,1,11.2,18,1442,31.8,7.4,8,14.5,24.5,1,2,6:22 AM,5:45 PM,1:55 PM,1:16 AM,Waxing Gibbous,64,2024,5,Spring
,Zimbabwe,Harare,-17.82,31.04,1715962500,20.4,68.7,Clear,4.5,7.2,85,E,1017,30.05,0,0,38,7,20.4,68.7,10,6,1,8.2,13.1,554.1,42.6,14.4,13.2,19.7,23.9,2,2,6:14 AM,5:30 PM,1:45 PM,1:03 AM,Waxing Gibbous,64,2024,5,Spring
,Afghanistan,Kabul,34.52,69.18,1716042600,19.5,67.1,Clear,2.2,3.6,129,SE,1010,29.82,0,0,46,15,19.5,67.1,10,6,1,6.7,10.8,794.4,76.5,6.2,0.5,7.5,15.3,1,1,4:48 AM,6:51 PM,2:04 PM,2:00 AM,Waxing Gibbous,73,2024,5,Spring
,Albania,Tirana,41.33,19.82,1716042600,27,80.6,Sunny,10.5,16.9,320,NW,1012,29.88,1.41,0.06,51,0,29.4,84.8,10,6,5,12.8,20.6,191.9,103,1.2,0.5,25.8,85.2,2,3,5:19 AM,7:56 PM,2:59 PM,2:53 AM,Waxing Gibbous,73,2024,5,Spring
,Algeria,Algiers,36.76,3.05,1716042600,24,75.2,Partly cloudy,9.4,15.1,40,NE,1011,29.85,0.01,0,57,50,25.4,77.6,10,6,5,11.8,19,217,135.9,5.2,2.2,6.7,10.1,1,1,5:38 AM,7:51 PM,3:09 PM,2:59 AM,Waxing Gibbous,73,2024,5,Spring
,Andorra,Andorra La Vella,42.5,1.52,1716042600,13,55.3,Patchy rain nearby,10.5,16.9,218,SW,1010,29.82,0.03,0,42,72,11.4,52.5,10,6,3,12.1,19.5,150.2,67.2,0.3,0.1,0.5,0.6,1,1,6:29 AM,9:13 PM,4:15 PM,4:07 AM,Waxing Gibbous,73,2024,5,Spring
,Angola,Luanda,-8.84,13.23,1716042600,30,86,Partly cloudy,11.9,19.1,290,WNW,1008,29.77,0,0,66,25,34.2,93.5,10,6,8,14.3,23,594.1,145.9,6.2,4.7,44.1,116.7,3,5,6:13 AM,5:54 PM,2:28 PM,2:05 AM,Waxing Gibbous,73,2024,5,Spring
,Antigua and Barbuda,Saint John's,17.12,-61.85,1716042600,31,87.8,Partly cloudy,10.5,16.9,110,ESE,1017,30.03,0.38,0.02,71,50,38.8,101.8,10,6,6,18.9,30.5,227,33.3,0.4,0.5,1.3,3.6,1,1,5:35 AM,6:33 PM,2:37 PM,2:19 AM,Waxing Gibbous,73,2024,5,Spring
,Argentina,Buenos Aires,-34.59,-58.67,1716042600,10,50,Sunny,8.1,13,130,SE,1027,30.33,0,0,82,0,8.6,47.5,10,6,3,8.3,13.4,1094.8,9.6,35.6,19.3,10.5,16.7,1,1,7:44 AM,5:58 PM,3:22 PM,2:57 AM,Waxing Gibbous,73,2024,5,Spring
,Armenia,Yerevan,40.18,44.51,1716042600,21,69.8,Sunny,5.6,9,140,SE,1015,29.97,0,0,17,0,21,69.8,10,6,5,8.7,14.1,176.9,113,1.3,0.2,0.5,0.6,1,1,5:44 AM,8:14 PM,3:17 PM,3:13 AM,Waxing Gibbous,73,2024,5,Spring
,Austria,Vienna,48.2,16.37,1716042600,21,69.8,Partly cloudy,13.6,22,130,SE,1012,29.88,0.11,0,60,50,21,69.8,10,6,5,18.1,29.2,210.3,103,3,2.3,4.7,5.1,1,1,5:11 AM,8:32 PM,3:13 PM,3:10 AM,Waxing Gibbous,73,2024,5,Spring
,Azerbaijan,Baku,40.4,49.88,1716042600,16,60.8,Partly cloudy,6.9,11.2,310,NW,1020,30.12,0,0,59,25,16,60.8,10,6,5,11.4,18.4,223.6,88.7,10.4,1.5,0.8,0.9,1,1,5:22 AM,7:53 PM,2:54 PM,2:51 AM,Waxing Gibbous,73,2024,5,Spring
,Bahamas,Nassau,25.08,-77.35,1716042600,31,87.8,Sunny,10.5,16.9,210,SSW,1017,30.02,0,0,59,0,41.6,106.9,10,6,7,11.5,18.4,383.9,80.1,3.6,4.4,11.9,19.2,1,1,6:23 AM,7:49 PM,3:42 PM,3:24 AM,Waxing Gibbous,73,2024,5,Spring
,Bahrain,Manama,26.24,50.58,1716042600,31,87.8,Sunny,21.7,34.9,330,NNW,1007,29.74,0,0,41,0,34.8,94.7,9,5,7,35.3,56.8,267,171.7,1.1,4.5,29.6,55.8,2,3,4:50 AM,6:19 PM,1:53 PM,1:42 AM,Waxing Gibbous,73,2024,5,Spring
,Bangladesh,Dhaka,23.72,90.41,1716042600,30.8,87.4,Clear,12.3,19.8,174,S,1002,29.59,0,0,67,11,36.1,97,10,6,1,18.4,29.6,614.2,107.3,12.5,5.3,46.3,57.1,3,5,5:15 AM,6:35 PM,2:08 PM,1:59 AM,Waxing Gibbous,73,2024,5,Spring
,Barbados,Bridgetown,13.1,-59.62,1716042600,33,91.4,Partly cloudy,23,37.1,80,E,1016,30,0.04,0,59,50,46.7,116,10,6,1,24.2,39,208.6,28.6,1,0.8,2.1,8.2,1,1,5:32 AM,6:18 PM,2:28 PM,2:09 AM,Waxing Gibbous,73,2024,5,Spring
,Belarus,Minsk,53.9,27.57,1716042600,21,69.8,Partly cloudy,9.4,15.1,110,ESE,1016,30,0.1,0,49,62,21,69.8,10,6,4,9.7,15.6,196.9,93,2.8,3.2,2.2,2.4,1,1,5:02 AM,9:12 PM,3:26 PM,3:29 AM,Waxing Gibbous,73,2024,5,Spring
,Belgium,Brussels,50.83,4.33,1716042600,18,64.4,Partly cloudy,5.6,9,330,NNW,1011,29.85,1.63,0.06,73,50,18,64.4,10,6,4,14.2,22.9,220.3,88,5.1,0.6,3.3,3.5,1,1,5:49 AM,9:31 PM,4:03 PM,4:00 AM,Waxing Gibbous,73,2024,5,Spring
,Belize,Belmopan,17.25,-88.77,1716042600,31,87.8,Partly cloudy,6.9,11.2,140,SE,1010,29.83,0,0,84,50,38.6,101.5,9,5,8,11.4,18.4,253.7,19,0.2,0.1,9,27.3,1,1,5:22 AM,6:21 PM,2:28 PM,2:09 AM,Waxing Gibbous,73,2024,5,Spring
,Benin,Porto-Novo,6.48,2.62,1716042600,31,87.8,Partly cloudy,6.9,11.2,130,SE,1009,29.8,0.01,0,71,25,36,96.7,10,6,7,12.3,19.9,370.5,22.7,1.8,1,1.9,4,1,1,6:33 AM,6:59 PM,3:12 PM,2:53 AM,Waxing Gibbous,73,2024,5,Spring
,Bhutan,Thimphu,27.48,89.6,1716042600,9.9,49.8,Patchy rain nearby,3.6,5.8,236,WSW,1013,29.92,0.7,0.03,93,78,9.4,49,9,5,1,7,11.3,347.1,68,0.6,0.8,9.2,11,1,1,5:11 AM,6:45 PM,2:11 PM,2:04 AM,Waxing Gibbous,73,2024,5,Spring
,Bolivia,Sucre,-19.04,-65.26,1716042600,13.4,56,Patchy rain nearby,5.8,9.4,32,NNE,1017,30.04,0.01,0,78,82,12.7,54.9,10,6,4,6.7,10.8,217,12.7,1.7,0.8,2.4,3.9,1,1,6:42 AM,5:53 PM,2:50 PM,2:27 AM,Waxing Gibbous,73,2024,5,Spring
,Bosnia and Herzegovina,Sarajevo,43.85,18.38,1716042600,25,77,Partly cloudy,4.3,6.8,330,NNW,1013,29.91,0,0,36,25,25.8,78.4,10,6,6,7.5,12,188.6,101.6,1.2,6.1,6.4,17.8,1,1,5:18 AM,8:09 PM,3:05 PM,3:00 AM,Waxing Gibbous,73,2024,5,Spring
,Botswana,Gaborone,-24.65,25.91,1716042600,28.7,83.7,Sunny,2.2,3.6,110,ESE,1017,30.04,0,0,13,0,26.6,79.9,10,6,8,2.3,3.7,467.3,84.4,14.1,3,12.5,21.5,1,2,6:46 AM,5:39 PM,2:37 PM,2:09 AM,Waxing Gibbous,73,2024,5,Spring
,Brazil,Bras,-2.08,-58.17,1716042600,28.7,83.6,Patchy rain nearby,4.5,7.2,83,E,1014,29.93,0.46,0.02,81,80,34.1,93.4,9,5,7,6.5,10.5,240.3,3.3,0.6,0.2,0.5,0.5,1,1,5:49 AM,5:50 PM,2:21 PM,2:01 AM,Waxing Gibbous,73,2024,5,Spring
,Brunei Darussalam,Bandar Seri Begawan,4.88,114.93,1716042600,27,80.6,Partly cloudy,2.2,3.6,10,N,1008,29.77,0.24,0.01,94,25,32,89.5,10,6,1,8,12.9,494,17.4,5.5,1.6,4,4.2,1,1,6:06 AM,6:27 PM,2:29 PM,2:12 AM,Waxing Gibbous,73,2024,5,Spring
,Bulgaria,Sofia,42.68,23.32,1716042600,24,75.2,Sunny,2.2,3.6,109,ESE,1016,30,0,0,44,0,25.3,77.5,10,6,6,6.7,10.8,196.9,101.6,1,1.2,9.2,18.3,1,1,6:01 AM,8:46 PM,3:45 PM,3:40 AM,Waxing Gibbous,73,2024,5,Spring
,Burkina Faso,Ouagadougou,12.37,-1.52,1716042600,40.7,105.3,Sunny,3.4,5.4,48,NE,1007,29.73,0,0,22,16,41.7,107.1,10,6,10,3.9,6.2,320.4,32.5,0.5,0.4,37.3,182.4,2,4,5:41 AM,6:24 PM,2:28 PM,2:11 AM,Waxing Gibbous,73,2024,5,Spring
,Burundi,Bujumbura,-3.38,29.36,1716042600,30,86,Partly cloudy,6.9,11.2,180,S,1011,29.85,0.62,0.02,59,25,36.1,97,10,6,7,8.8,14.2,310.4,44.4,0.5,0.3,5.1,9.1,1,1,6:00 AM,5:58 PM,2:22 PM,2:01 AM,Waxing Gibbous,73,2024,5,Spring
,Madagascar,Ivory,-24.37,46.45,1716042600,26.4,79.4,Patchy rain nearby,12.1,19.4,183,S,1015,29.97,0.24,0.01,56,84,27.3,81.2,9,5,7,16.6,26.7,223.6,52.9,0.1,0,0.5,0.7,1,1,6:24 AM,5:17 PM,2:14 PM,1:44 AM,Waxing Gibbous,73,2024,5,Spring
,Cape Verde,Praia,14.93,-23.51,1716042600,27,80.6,Partly cloudy,25.5,41,30,NNE,1015,29.97,0,0,54,25,29.2,84.5,10,6,6,30,48.2,178.6,74.4,0.1,0.2,3.1,12.9,1,1,6:05 AM,6:56 PM,2:59 PM,2:42 AM,Waxing Gibbous,73,2024,5,Spring
,Cambodia,Phnom Penh,11.55,104.92,1716042600,31,87.8,Partly cloudy,2.2,3.6,217,SW,1005,29.68,0.06,0,75,50,35.1,95.2,9,5,1,13,20.9,600.8,35.8,5.6,1.9,10,15.8,1,1,5:37 AM,6:17 PM,2:10 PM,1:55 AM,Waxing Gibbous,73,2024,5,Spring
,Cameroon,Yaounde,3.87,11.52,1716042600,31,87.8,Partly cloudy,2.2,3.6,266,W,1013,29.91,1.38,0.05,59,75,42.8,109,8,4,6,4.6,7.5,290.4,11.6,0.3,0.1,0.5,1,1,1,6:01 AM,6:19 PM,2:35 PM,2:15 AM,Waxing Gibbous,73,2024,5,Spring
,Canada,Ottawa,45.42,-75.7,1716042600,18,64.4,Light rain,5.6,9,60,ENE,1016,30,0.35,0.01,88,75,18,64.4,19,11,4,6,9.6,233.7,44,3.7,0.8,4.4,4.5,1,1,5:29 AM,8:30 PM,3:38 PM,3:21 AM,Waxing Gibbous,73,2024,5,Spring
,Central African Republic,Bangui,4.37,18.58,1716042600,34,93.2,Patchy light rain with thunder,4.3,6.8,180,S,1007,29.74,0.04,0,56,75,35.2,95.3,10,6,8,8.7,14,300.4,1.7,0,0,0.5,0.6,1,1,5:33 AM,5:52 PM,2:06 PM,1:47 AM,Waxing Gibbous,73,2024,5,Spring
,Chad,N'djamena,12.11,15.05,1716042600,43,109.4,Overcast,6.9,11.2,30,NNE,1004,29.65,0,0,6,0,44.6,112.2,6,3,10,11.4,18.4,203.6,93,0.2,0.5,30.8,150.1,2,3,5:35 AM,6:17 PM,2:20 PM,2:03 AM,Waxing Gibbous,73,2024,5,Spring
,Chile,Santiago,-33.45,-70.67,1716042600,5,41,Mist,2.2,3.6,217,SW,1024,30.24,0,0,75,50,4.7,40.5,5,3,5,6.7,10.8,7583.6,18.2,131.6,38.2,554.7,682.1,6,10,7:30 AM,5:49 PM,3:11 PM,2:46 AM,Waxing Gibbous,73,2024,5,Spring
,China,Beijing,39.93,116.39,1716042600,24,75.2,Clear,11.9,19.1,130,SE,1010,29.83,0,0,65,0,25.4,77.7,10,6,1,16.3,26.3,1134.9,51.5,91.9,61,171.7,196.4,5,10,4:57 AM,7:26 PM,2:17 PM,2:21 AM,Waxing Gibbous,73,2024,5,Spring
,Bulgaria,Bogot,43.32,24.7,1716042600,22.6,72.7,Sunny,4.3,6.8,57,ENE,1015,29.97,0,0,61,25,24.8,76.6,10,6,6,5.2,8.4,205.3,93,0.6,0.5,9,17.9,1,1,5:54 AM,8:42 PM,3:39 PM,3:34 AM,Waxing Gibbous,73,2024,5,Spring
,Comoros,Moroni,-11.7,43.24,1716042600,26.3,79.4,Patchy rain nearby,18.3,29.5,163,SSE,1012,29.9,0.07,0,84,89,29.5,85.1,10,6,7,21.1,33.9,243.7,40.8,0.2,0.2,2.2,6.9,1,1,6:17 AM,5:50 PM,2:26 PM,2:01 AM,Waxing Gibbous,73,2024,5,Spring
,Congo,Brazzaville,-4.26,15.28,1716042600,34,93.2,Sunny,9.4,15.1,200,SSW,1008,29.77,0,0,47,0,35.1,95.3,7,4,10,13.9,22.3,350.5,50.1,1,0.7,4.8,12.5,1,1,5:58 AM,5:53 PM,2:20 PM,1:58 AM,Waxing Gibbous,73,2024,5,Spring
,Costa Rica,San Juan,9.97,-84.08,1716042600,25,77,Partly cloudy,11.9,19.1,100,E,1019,30.08,0,0,65,25,27.1,80.7,10,6,6,16.3,26.3,620.8,6.5,7.6,5.3,11.4,13.1,1,1,5:15 AM,5:51 PM,2:09 PM,1:49 AM,Waxing Gibbous,73,2024,5,Spring
,Croatia,Zagreb,45.8,16,1716042600,26,78.8,Sunny,5.6,9,200,SSW,1012,29.88,0,0,37,0,25.9,78.6,10,6,7,9.8,15.8,196.9,104.4,2.1,0.1,4.4,6.5,1,1,5:21 AM,8:25 PM,3:15 PM,3:11 AM,Waxing Gibbous,73,2024,5,Spring
,Cuba,Havana,23.13,-82.36,1716042600,30,86,Partly cloudy,9.4,15.1,160,SSE,1016,30,0,0,70,50,38.6,101.5,9,5,1,15.3,24.6,350.5,36.8,7.3,20.3,6.3,10.8,1,1,6:47 AM,8:05 PM,4:03 PM,3:44 AM,Waxing Gibbous,73,2024,5,Spring
,Cyprus,Nicosia,35.17,33.37,1716042600,28,82.4,Sunny,19.2,31,210,SSW,1012,29.88,0,0,58,0,28,82.4,10,6,7,23.7,38.2,198.6,93,0.4,0.7,13.4,52.3,1,2,5:41 AM,7:46 PM,3:03 PM,2:56 AM,Waxing Gibbous,73,2024,5,Spring
,Czech Republic,Prague,50.08,14.47,1716042600,16,60.8,Partly cloudy,12.5,20.2,210,SSW,1011,29.85,0.17,0.01,72,75,16,60.8,10,6,4,17,27.4,193.6,95.8,2.4,1.5,1.9,2.3,1,1,5:12 AM,8:47 PM,3:21 PM,3:19 AM,Waxing Gibbous,73,2024,5,Spring
,Democratic Republic of Congo,Kinshasa,-4.3,15.3,1716042600,34,93.2,Sunny,9.4,15.1,200,SSW,1008,29.77,0,0,47,0,35.4,95.8,7,4,10,13.9,22.3,350.5,50.1,1,0.7,4.8,12.5,1,1,5:58 AM,5:53 PM,2:20 PM,1:58 AM,Waxing Gibbous,73,2024,5,Spring
,Denmark,Copenhagen,55.67,12.58,1716042600,20,68,Sunny,12.5,20.2,130,SE,1014,29.94,0,0,40,0,20,68,10,6,5,19.2,30.9,203.6,105.9,2.4,1.6,4.2,4.6,1,1,4:53 AM,9:21 PM,3:29 PM,3:30 AM,Waxing Gibbous,73,2024,5,Spring
,Djibouti,Djibouti,11.6,43.15,1716042600,35,95,Partly cloudy,12.5,20.2,80,E,1004,29.65,0,0,50,25,51.1,124,10,6,8,13.6,22,253.7,50.8,0.9,1.4,8.3,16,1,1,5:44 AM,6:24 PM,2:24 PM,2:08 AM,Waxing Gibbous,73,2024,5,Spring
,Dominica,Roseau,15.3,-61.4,1716042600,34,93.2,Partly cloudy,3.8,6.1,350,N,1015,29.97,0.3,0.01,41,25,49.9,121.9,10,6,6,18.3,29.5,227,29.3,0.4,0.3,1.7,5.6,1,1,5:36 AM,6:28 PM,2:35 PM,2:17 AM,Waxing Gibbous,73,2024,5,Spring
,Dominican Republic,Santo Domingo,18.47,-69.9,1716042600,29,84.2,Partly cloudy,5.6,9,150,SSE,1017,30.03,0,0,79,50,32.1,89.7,10,6,7,10.1,16.2,323.8,55.1,8.5,10.7,7.7,11.6,1,1,6:05 AM,7:08 PM,3:11 PM,2:52 AM,Waxing Gibbous,73,2024,5,Spring
,Ecuador,Quito,-0.22,-78.5,1716042600,13.6,56.5,Sunny,3.6,5.8,103,ESE,1019,30.08,0,0,81,22,13.7,56.6,10,6,5,4.2,6.8,2670.3,11.3,54.8,27.2,28.7,33.3,2,3,6:07 AM,6:14 PM,2:45 PM,2:24 AM,Waxing Gibbous,73,2024,5,Spring
,Egypt,Cairo,30.05,31.25,1716042600,38,100.4,Sunny,9.4,15.1,340,NNW,1013,29.91,0,0,14,0,37.1,98.7,10,6,10,22.1,35.6,190.3,110.2,2.5,4.1,31.2,164.3,2,3,6:00 AM,7:44 PM,3:13 PM,3:02 AM,Waxing Gibbous,73,2024,5,Spring
,El Salvador,San Salvador,13.71,-89.2,1716042600,27,80.6,Partly cloudy,2.5,4,90,E,1017,30.02,0,0,70,25,28.6,83.5,10,6,7,6.9,11.2,754.4,3.7,9.7,15.3,46.6,55.1,3,5,5:30 AM,6:17 PM,2:30 PM,2:10 AM,Waxing Gibbous,73,2024,5,Spring
,Equatorial Guinea,Malabo,3.75,8.78,1716042600,30,86,Partly cloudy,5.6,9,60,ENE,1010,29.83,0.06,0,84,50,38.6,101.4,10,6,6,9.8,15.7,310.4,19,0.1,0,0.5,1,1,1,6:12 AM,6:30 PM,2:46 PM,2:27 AM,Waxing Gibbous,73,2024,5,Spring
,Eritrea,Asmara,15.33,38.93,1716042600,23.2,73.7,Sunny,11.6,18.7,52,NE,1011,29.84,0,0,48,4,24.7,76.5,10,6,6,18.8,30.2,175.2,72.2,0.3,1.1,21,82.2,2,2,5:55 AM,6:47 PM,2:41 PM,2:26 AM,Waxing Gibbous,73,2024,5,Spring
,Estonia,Tallinn,59.43,24.73,1716042600,22,71.6,Sunny,12.5,20.2,50,NE,1017,30.03,0,0,27,0,24.5,76.2,10,6,5,17,27.4,195.3,74.4,2.3,1.2,7.2,7.6,1,1,4:40 AM,9:57 PM,3:37 PM,3:45 AM,Waxing Gibbous,73,2024,5,Spring
,Swaziland,Mbabane,-26.32,31.13,1716042600,19.6,67.4,Partly Cloudy,9.4,15.1,79,E,1021,30.14,0,0,59,30,19.6,67.4,10,6,6,11.8,19,230.3,48.6,0.4,0.9,5.3,10.3,1,1,6:28 AM,5:15 PM,2:16 PM,1:47 AM,Waxing Gibbous,73,2024,5,Spring
,Ethiopia,Addis Ababa,9.03,38.7,1716042600,24,75.2,Partly cloudy,11.9,19.1,100,E,1023,30.21,0.07,0,47,75,25.3,77.5,10,6,5,16.3,26.3,253.7,47.9,0.5,0.4,10,48.1,1,1,6:05 AM,6:38 PM,2:43 PM,2:25 AM,Waxing Gibbous,73,2024,5,Spring
,Fiji Islands,Suva,-18.13,178.42,1716042600,25,77,Partly cloudy,2.2,3.6,10,N,1010,29.83,0.01,0,94,50,27.9,82.3,10,6,1,11.1,17.8,161.9,2.4,1.1,0.6,0.7,1.2,1,1,6:26 AM,5:40 PM,2:14 PM,1:41 AM,Waxing Gibbous,73,2024,5,Spring
,Finland,Helsinki,60.18,24.93,1716042600,20,68,Sunny,8.1,13,130,SE,1018,30.06,0,0,26,0,20,68,10,6,5,14.3,23,270.4,67.2,12.3,5.2,10.3,12.8,1,1,4:33 AM,10:02 PM,3:36 PM,3:44 AM,Waxing Gibbous,73,2024,5,Spring
,France,Paris,48.87,2.33,1716042600,19,66.2,Patchy light rain with thunder,12.5,20.2,310,NW,1011,29.85,0.23,0.01,64,75,19,66.2,10,6,4,17,27.4,203.6,83.7,4.3,1.1,1.9,2.2,1,1,6:05 AM,9:31 PM,4:12 PM,4:07 AM,Waxing Gibbous,73,2024,5,Spring
,Gabon,Libreville,0.38,9.45,1716042600,29,84.2,Partly cloudy,5.6,9,280,W,1009,29.8,0.02,0,84,75,33.9,93.1,10,6,6,15.1,24.3,367.2,30.8,3.6,2.5,5.6,6.8,1,1,6:14 AM,6:23 PM,2:44 PM,2:23 AM,Waxing Gibbous,73,2024,5,Spring
,Gambia,Banjul,13.45,-16.58,1716042600,35,95,Sunny,4.3,6.8,300,WNW,1011,29.85,0,0,27,0,46.8,116.3,10,6,7,21.3,34.2,195.3,95.8,0.3,1.4,13.6,49.5,1,2,6:39 AM,7:26 PM,3:31 PM,3:13 AM,Waxing Gibbous,73,2024,5,Spring
,Georgia,Tbilisi,41.73,44.79,1716042600,19,66.2,Partly cloudy,18.6,29.9,320,NW,1017,30.03,0,0,32,25,19,66.2,10,6,5,23,37.1,181.9,86.6,0.5,0.1,0.5,0.7,1,1,5:38 AM,8:17 PM,3:15 PM,3:12 AM,Waxing Gibbous,73,2024,5,Spring
,Germany,Berlin,52.52,13.4,1716042600,19,66.2,Moderate rain,9.4,15.1,100,E,1010,29.83,0.06,0,56,25,19,66.2,10,6,5,10.4,16.8,220.3,100.1,4.7,1.7,1.3,1.4,1,1,5:05 AM,9:01 PM,3:25 PM,3:25 AM,Waxing Gibbous,73,2024,5,Spring
,Ghana,Accra,5.55,-0.22,1716042600,32,89.6,Partly cloudy,10.5,16.9,290,WNW,1009,29.8,0,0,67,25,40.4,104.8,10,6,7,13.7,22.1,337.1,35.4,1.6,2.5,4.4,7,1,1,5:46 AM,6:09 PM,2:23 PM,2:04 AM,Waxing Gibbous,73,2024,5,Spring
,Greece,Athens,37.98,23.72,1716042600,22,71.6,Sunny,2.2,3.6,231,SW,1016,30,0.45,0.02,61,0,24.6,76.2,10,6,5,12.8,20.5,223.6,143.1,10.1,12.2,22.4,35.9,2,2,6:12 AM,8:31 PM,3:43 PM,3:36 AM,Waxing Gibbous,73,2024,5,Spring
,Grenada,Saint George's,12.05,-61.75,1716042600,32,89.6,Partly cloudy,16.1,25.9,120,ESE,1015,29.97,0.01,0,67,25,39.2,102.6,10,6,6,18.2,29.3,195.3,34.3,0.7,0.7,2.6,9.2,1,1,5:43 AM,6:25 PM,2:37 PM,2:17 AM,Waxing Gibbous,73,2024,5,Spring
,Guatemala,Guatemala City,14.62,-90.53,1716042600,24,75.2,Partly cloudy,2.2,3.6,10,N,1021,30.15,0,0,69,50,25.6,78,10,6,6,3.1,5,1081.5,31.1,17.1,37.2,98.4,121.5,4,10,5:34 AM,6:24 PM,2:36 PM,2:16 AM,Waxing Gibbous,73,2024,5,Spring
,Guinea,Conakry,9.51,-13.71,1716042600,32,89.6,Partly cloudy,9.4,15.1,280,W,1011,29.85,0,0,67,25,43.1,109.6,10,6,7,15.3,24.6,547.4,73.7,1.3,1.5,12.9,36.3,1,2,6:34 AM,7:09 PM,3:19 PM,3:00 AM,Waxing Gibbous,73,2024,5,Spring
,Guinea-Bissau,Bissau,11.85,-15.58,1716042600,38,100.4,Sunny,2.2,3.6,199,SSW,1010,29.83,0,0,31,0,46.8,116.3,8,4,8,11.3,18.3,230.3,55.8,0.1,1.2,12.5,46.3,1,2,6:38 AM,7:20 PM,3:27 PM,3:09 AM,Waxing Gibbous,73,2024,5,Spring
,Guyana,Georgetown,6.8,-58.17,1716042600,30,86,Partly cloudy,9.4,15.1,110,ESE,1014,29.94,1.24,0.05,75,50,37.8,100,10,6,6,13.9,22.3,243.7,24,3.3,2.4,1.2,1.5,1,1,5:36 AM,6:03 PM,2:22 PM,2:02 AM,Waxing Gibbous,73,2024,5,Spring
,Haiti,Port-Au-Prince,18.54,-72.34,1716042600,31,87.8,Partly cloudy,12.5,20.2,110,ESE,1017,30.02,0,0,63,25,34.2,93.6,9,5,8,17,27.4,480.7,105.9,3.7,5.5,7.3,14.3,1,1,6:14 AM,7:18 PM,3:21 PM,3:02 AM,Waxing Gibbous,73,2024,5,Spring
,Vatican City,Vatican City,41.9,12.45,1716042600,25,77,Sunny,6.9,11.2,190,S,1012,29.88,0,0,44,0,24.6,76.3,10,6,7,10,16.2,257,100.1,7.3,0.4,10.3,26.8,1,1,5:47 AM,8:27 PM,3:30 PM,3:23 AM,Waxing Gibbous,73,2024,5,Spring
,Honduras,Tegucigalpa,14.1,-87.22,1716042600,26,78.8,Partly cloudy,2.2,3.6,10,N,1019,30.09,0,0,70,50,28,82.4,10,6,6,3.4,5.4,393.9,13.2,6,3.6,7,11.9,1,1,5:21 AM,6:10 PM,2:22 PM,2:02 AM,Waxing Gibbous,73,2024,5,Spring
,Hungary,Budapest,47.5,19.08,1716042600,22,71.6,Partly cloudy,5.6,9,10,N,1014,29.94,0,0,50,50,24.2,75.6,10,6,6,10.1,16.2,196.9,100.1,2,1.3,4.5,5.2,1,1,5:03 AM,8:18 PM,3:02 PM,2:59 AM,Waxing Gibbous,73,2024,5,Spring
,Iceland,Grindavik,63.83,-22.43,1716042600,8,46.4,Partly cloudy,11.9,19.1,10,N,1018,30.06,0,0,53,50,4.6,40.2,10,6,2,19.4,31.2,212,83.7,0.1,0.2,0.5,0.7,1,1,4:08 AM,10:47 PM,3:56 PM,3:57 AM,Waxing Gibbous,73,2024,5,Spring
,India,New Delhi,28.6,77.2,1716042600,41,105.8,Mist,6.9,11.2,300,WNW,1000,29.53,0,0,15,0,41.4,106.6,4,2,1,18,29,454,128.8,8.4,10.4,32.5,58.7,2,3,5:29 AM,7:07 PM,2:32 PM,2:24 AM,Waxing Gibbous,73,2024,5,Spring
,Indonesia,Jakarta,-6.21,106.85,1716042600,28,82.4,Partly cloudy,6.9,11.2,200,SSW,1010,29.83,0.76,0.03,74,25,31.6,88.8,6,3,1,10,16.1,13565.1,0,127.5,71.5,278.2,376.6,6,10,5:55 AM,5:44 PM,2:05 PM,1:41 AM,Waxing Gibbous,73,2024,5,Spring
,Iran,Tehran,35.73,51.33,1716042600,23,73.4,Partly cloudy,18.6,29.9,310,NW,1012,29.88,0,0,20,50,22.9,73.3,10,6,6,23,37.1,237,86.6,20.9,8.2,1.9,3.2,1,1,4:57 AM,7:06 PM,2:18 PM,2:13 AM,Waxing Gibbous,73,2024,5,Spring
,Iraq,Baghdad,33.34,44.39,1716042600,35,95,Partly cloudy,11.9,19.1,320,NW,1010,29.82,0,0,17,50,33.2,91.8,10,6,8,17.1,27.6,207,110.2,2.8,1.4,7.1,29.6,1,1,5:00 AM,6:58 PM,2:17 PM,2:10 AM,Waxing Gibbous,73,2024,5,Spring
,Ireland,Dublin,53.33,-6.25,1716042600,16,60.8,Partly cloudy,10.5,16.9,320,NW,1017,30.03,0.02,0,77,75,16,60.8,10,6,4,15,24.1,193.6,85.1,2.1,1,2.9,3.9,1,1,5:20 AM,9:24 PM,3:48 PM,3:44 AM,Waxing Gibbous,73,2024,5,Spring
,Israel,Jerusalem,31.78,35.23,1716042600,31,87.8,Sunny,6.9,11.2,340,NNW,1013,29.91,0,0,24,0,29.2,84.5,10,6,7,27,43.4,186.9,123,5.9,1.8,13.1,56.1,1,2,5:40 AM,7:32 PM,2:56 PM,2:47 AM,Waxing Gibbous,73,2024,5,Spring
,Italy,Rome,41.9,12.48,1716042600,25,77,Sunny,6.9,11.2,190,S,1012,29.88,0,0,44,0,24.6,76.3,10,6,7,10,16.2,257,100.1,7.3,0.4,10.3,26.8,1,1,5:47 AM,8:27 PM,3:30 PM,3:23 AM,Waxing Gibbous,73,2024,5,Spring
,Jamaica,Norman Gardens,17.97,-76.75,1716042600,32,89.6,Partly cloudy,16.1,25.9,140,SE,1015,29.97,0,0,71,25,35.8,96.4,10,6,8,20.6,33.1,363.8,47.9,3.3,5.3,2.9,6.9,1,1,5:33 AM,6:34 PM,2:39 PM,2:20 AM,Waxing Gibbous,73,2024,5,Spring
,Japan,Tokyo,35.69,139.69,1716042600,20,68,Clear,6.9,11.2,170,S,1018,30.06,0,0,78,0,20,68,10,6,1,11.2,18.1,480.7,57.2,90.5,31,62.5,73.9,3,8,4:34 AM,6:42 PM,1:42 PM,1:44 AM,Waxing Gibbous,73,2024,5,Spring
,Jordan,Amman,31.95,35.93,1716042600,30,86,Overcast,12.5,20.2,320,NW,1018,30.06,0,0,22,0,27.9,82.3,4,2,7,19.8,31.9,193.6,121.6,3.2,2.4,23.2,113.7,2,2,5:37 AM,7:29 PM,2:53 PM,2:44 AM,Waxing Gibbous,73,2024,5,Spring
,Kazakhstan,Astana,51.18,71.43,1716042600,21,69.8,Partly cloudy,11.9,19.1,40,NE,1003,29.62,0,0,60,37,21,69.8,10,6,6,16.3,26.3,220.3,83,8.9,23.4,3.9,5.3,1,1,4:19 AM,8:03 PM,2:22 PM,2:30 AM,Waxing Gibbous,73,2024,5,Spring
,Kenya,Nairobi,-1.28,36.82,1716042600,26,78.8,Partly cloudy,9.4,15.1,130,SE,1020,30.12,0.55,0.02,48,75,28.3,83,10,6,6,13.9,22.3,1548.8,117.3,9.9,14.9,40,74.5,2,4,6:27 AM,6:31 PM,2:51 PM,2:30 AM,Waxing Gibbous,73,2024,5,Spring
,Kiribati,Tarawa,-0.88,169.53,1716042600,29.2,84.6,Partly Cloudy,12.5,20.2,103,ESE,1006,29.7,0,0,75,61,34.1,93.4,10,6,1,16.9,27.3,212,11.4,0,0,1,4.9,1,1,6:36 AM,6:40 PM,2:46 PM,2:25 AM,Waxing Gibbous,73,2024,5,Spring
,Kuwait,Kuwait City,29.37,47.96,1716042600,36.1,97,Sunny,12.5,20.2,330,NNW,1007,29.73,0,0,12,0,35.1,95.2,14,8,8,34,54.7,205.3,141.6,3.9,2.7,15.4,75,1,2,4:54 AM,6:35 PM,2:03 PM,1:54 AM,Waxing Gibbous,73,2024,5,Spring
,Kyrghyzstan,Bishkek,42.87,74.6,1716042600,15,59,Patchy rain nearby,4.7,7.6,142,SE,1017,30.04,0.09,0,82,83,14.9,58.9,10,6,3,7.6,12.3,213.6,79.4,2.3,0.8,1.9,2,1,1,5:36 AM,8:21 PM,3:11 PM,3:12 AM,Waxing Gibbous,73,2024,5,Spring
,Indonesia,Laos,-8.18,114.32,1716042600,20.3,68.5,Patchy rain nearby,4.5,7.2,171,S,1012,29.88,0.14,0.01,93,82,20.3,68.5,10,6,1,9.4,15.1,714.3,10.2,8.9,1.7,17.9,35.7,2,2,5:28 AM,5:11 PM,1:34 PM,1:10 AM,Waxing Gibbous,73,2024,5,Spring
,Latvia,Riga,56.95,24.1,1716042600,23,73.4,Sunny,8.1,13,360,N,1016,30,0,0,47,0,24.8,76.7,10,6,6,12.5,20.2,200.3,100.1,2.7,1.1,4.1,4.6,1,1,4:59 AM,9:43 PM,3:40 PM,3:45 AM,Waxing Gibbous,73,2024,5,Spring
,Lebanon,Beirut,33.87,35.51,1716042600,25,77,Sunny,6.9,11.2,260,W,1015,29.97,0,0,65,0,26,78.8,8,4,6,11.4,18.4,195.3,97.3,0.5,1.6,9.8,63.8,1,1,5:35 AM,7:35 PM,2:54 PM,2:46 AM,Waxing Gibbous,73,2024,5,Spring
,Lesotho,Maseru,-29.32,27.48,1716042600,22.1,71.7,Sunny,12.1,19.4,247,WSW,1019,30.1,0,0,21,3,22.3,72.1,10,6,7,13.9,22.4,250.3,66.5,0.9,1.5,13.2,32.7,1,2,6:49 AM,5:24 PM,2:31 PM,2:01 AM,Waxing Gibbous,73,2024,5,Spring
,Liberia,Monrovia,6.31,-10.8,1716042600,32,89.6,Partly cloudy,11.9,19.1,230,SW,1010,29.83,0.19,0.01,67,75,41.3,106.3,10,6,6,16.3,26.3,307.1,44.7,0.1,0.1,1,3.1,1,1,6:27 AM,6:52 PM,3:07 PM,2:48 AM,Waxing Gibbous,73,2024,5,Spring
,Thailand,Nan,18.78,100.78,1716042600,32,89.6,Partly cloudy,3.8,6.1,210,SSW,1003,29.62,0,0,67,25,40.6,105.1,10,6,1,8.3,13.3,460.6,19.1,2.2,1,5.4,6.1,1,1,5:42 AM,6:45 PM,2:26 PM,2:15 AM,Waxing Gibbous,73,2024,5,Spring
,Liechtenstein,Vaduz,47.13,9.52,1716042600,20,68,Partly cloudy,2.2,3.6,343,NNW,1011,29.85,0.93,0.04,53,25,20,68,10,6,3,5.8,9.4,190.3,78,2.9,0.5,2.7,3.2,1,1,5:42 AM,8:55 PM,3:42 PM,3:38 AM,Waxing Gibbous,73,2024,5,Spring
,Lithuania,Vilnius,54.68,25.32,1716042600,21,69.8,Partly cloudy,10.5,16.9,280,W,1016,30,0.04,0,49,25,21,69.8,10,6,4,15,24.1,186.9,98.7,1,0.7,2.9,3.2,1,1,5:07 AM,9:25 PM,3:35 PM,3:38 AM,Waxing Gibbous,73,2024,5,Spring
,Luxembourg,Luxembourg,49.61,6.13,1716042600,16,60.8,Overcast,5.6,9,230,SW,1010,29.83,0.32,0.01,77,75,16,60.8,10,6,4,7.4,11.9,181.9,78.7,3.5,0.2,1,1,1,1,5:47 AM,9:18 PM,3:56 PM,3:52 AM,Waxing Gibbous,73,2024,5,Spring
,Madagascar,Antananarivo,-18.92,47.52,1716042600,21,69.8,Partly cloudy,8.1,13,90,E,1020,30.12,0.22,0.01,73,75,21,69.8,10,6,6,8.2,13.2,433.9,40.8,2.1,2.4,5.1,14.3,1,1,6:11 AM,5:22 PM,2:09 PM,1:41 AM,Waxing Gibbous,73,2024,5,Spring
,Malawi,Lilongwe,-13.98,33.78,1716042600,24,75.2,Partly cloudy,16.1,25.9,130,SE,1020,30.12,0,0,54,50,25.1,77.2,10,6,7,20.6,33.1,227,45.8,0.2,0.3,0.7,1.6,1,1,5:58 AM,5:25 PM,2:05 PM,1:40 AM,Waxing Gibbous,73,2024,5,Spring
,Malaysia,Kuala Lumpur,3.17,101.7,1716042600,29,84.2,Partly cloudy,2.2,3.6,95,E,1007,29.74,0.02,0,84,25,36.2,97.1,10,6,1,5.4,8.7,4058.8,0,81.6,40.1,54.2,66.7,3,7,7:02 AM,7:18 PM,3:25 PM,3:05 AM,Waxing Gibbous,73,2024,5,Spring
,Maldives,Felidhoo,3.48,73.53,1716042600,28.8,83.9,Patchy rain nearby,24.2,38.9,264,W,1008,29.76,0.04,0,82,80,34.5,94.1,10,6,1,32.3,52,223.6,26.5,0,0.1,2.7,7.2,1,1,5:54 AM,6:11 PM,2:20 PM,2:01 AM,Waxing Gibbous,73,2024,5,Spring
,Mali,Bamako,12.65,-8,1716042600,39,102.2,Partly cloudy,2.2,3.6,45,NE,1011,29.85,0,0,30,25,43.1,109.6,10,6,9,4.9,7.9,327.1,22,0.2,0.2,4.2,19.2,1,1,6:06 AM,6:51 PM,2:55 PM,2:38 AM,Waxing Gibbous,73,2024,5,Spring
,Malta,Valletta,35.9,14.51,1716042600,31,87.8,Sunny,2.2,3.6,336,NNW,1012,29.88,0,0,38,0,39.3,102.8,10,6,6,9.4,15.1,237,68.7,5.6,2.7,102.1,246.2,4,10,5:54 AM,8:03 PM,3:22 PM,3:13 AM,Waxing Gibbous,73,2024,5,Spring
,Marshall Islands,Majuro,7.1,171.38,1716042600,27.7,81.9,Light rain shower,16.8,27,58,ENE,1007,29.73,0.44,0.02,82,81,32,89.7,10,6,1,22.6,36.4,180.2,31.5,0,0.1,1.4,3,1,1,6:17 AM,6:45 PM,2:37 PM,2:21 AM,Waxing Gibbous,73,2024,5,Spring
,Mauritania,Nouakchott,18.09,-15.98,1716042600,25.1,77.1,Sunny,13,20.9,301,WNW,1012,29.89,0,0,54,0,26.1,78.9,10,6,7,27.2,43.8,200.3,73,0.2,0.5,12.9,70.5,1,2,6:30 AM,7:31 PM,3:28 PM,3:12 AM,Waxing Gibbous,73,2024,5,Spring
,Mauritius,Port Louis,-20.16,57.5,1716042600,25,77,Partly cloudy,9.4,15.1,80,E,1016,30,0,0,74,50,26.6,79.8,10,6,1,17.2,27.6,230.3,55.1,2.3,2.3,1.8,8.5,1,1,6:33 AM,5:40 PM,2:28 PM,2:00 AM,Waxing Gibbous,73,2024,5,Spring
,Mexico,Mexico City,19.43,-99.13,1716042600,20,68,Sunny,4.3,6.8,50,NE,1026,30.29,0,0,53,0,20,68,13,8,6,8.7,14,841.1,3.1,42.8,16.5,23.4,33.1,2,2,6:00 AM,7:06 PM,3:12 PM,2:51 AM,Waxing Gibbous,73,2024,5,Spring
,Micronesia,Palikir,6.92,158.15,1716042600,28,82.4,Overcast,8.1,13,100,E,1007,29.74,2.21,0.09,79,100,32.5,90.6,24,14,1,22.8,36.8,176.9,48.6,0,0.1,2.1,5.6,1,1,6:10 AM,6:37 PM,2:31 PM,2:15 AM,Waxing Gibbous,73,2024,5,Spring
,Iran,Chi Chi Khvar,36.26,46.59,1716042600,16.3,61.3,Sunny,14.3,23,240,WSW,1013,29.9,0,0,41,3,16.3,61.3,10,6,5,17,27.3,183.6,108.7,0.8,0.6,2.1,2.6,1,1,5:15 AM,7:26 PM,2:38 PM,2:32 AM,Waxing Gibbous,73,2024,5,Spring
,Monaco,Monaco,43.73,7.42,1716042600,20,68,Partly cloudy,4.3,6.8,120,ESE,1012,29.88,0,0,73,25,20,68,10,6,5,6.3,10.2,185.3,98.7,0.5,0.4,3.9,5.5,1,1,6:02 AM,8:53 PM,3:51 PM,3:44 AM,Waxing Gibbous,73,2024,5,Spring
,Mongolia,Ulaanbaatar,47.92,106.92,1716042600,10,50,Clear,6.9,11.2,200,SSW,1018,30.06,0,0,54,0,9.4,49,10,6,1,11.4,18.4,283.7,40.1,12,13.4,7.5,9.6,1,1,5:10 AM,8:28 PM,2:54 PM,3:05 AM,Waxing Gibbous,73,2024,5,Spring
,Montenegro,Podgorica,42.44,19.26,1716042600,25,77,Partly cloudy,3.8,6.1,280,W,1013,29.91,0,0,57,25,26.4,79.5,10,6,6,8.3,13.3,188.6,98.7,0.8,0.6,17.2,50.4,2,2,5:18 AM,8:01 PM,3:01 PM,2:56 AM,Waxing Gibbous,73,2024,5,Spring
,Morocco,Rabat,34.03,-6.84,1716042600,21,69.8,Partly cloudy,11.9,19.1,320,NW,1013,29.91,0,0,49,50,21,69.8,6,3,5,16.3,26.3,186.9,98.7,0.4,0.9,2.5,6,1,1,6:23 AM,8:24 PM,3:50 PM,3:39 AM,Waxing Gibbous,73,2024,5,Spring
,Mozambique,Maputo,-25.97,32.59,1716042600,25,77,Partly cloudy,11.9,19.1,140,SE,1020,30.12,0,0,69,25,26.3,79.3,10,6,7,12.3,19.8,367.2,52.2,1.4,1.7,5.1,10.8,1,1,6:22 AM,5:10 PM,2:10 PM,1:41 AM,Waxing Gibbous,73,2024,5,Spring
,Myanmar,Pathein,16.78,94.73,1716042600,29.7,85.5,Clear,10.1,16.2,271,W,1006,29.7,0,0,73,17,34.9,94.7,10,6,1,13.9,22.4,277,21.8,0.2,0.1,2,5.5,1,1,5:39 AM,6:36 PM,2:21 PM,2:09 AM,Waxing Gibbous,73,2024,5,Spring
,Namibia,Windhoek,-22.57,17.08,1716042600,26,78.8,Sunny,9.4,15.1,70,ENE,1026,30.3,0,0,18,0,24.5,76,10,6,7,11.8,19,201.9,82.3,0.3,5.3,8.9,12.2,1,1,7:19 AM,6:17 PM,3:14 PM,2:46 AM,Waxing Gibbous,73,2024,5,Spring
,Turkey,Yaren,39.55,27.62,1716042600,28,82.4,Sunny,11.9,19.1,40,NE,1014,29.94,0,0,51,0,29.5,85.1,10,6,6,16.2,26,200.3,128.8,0.9,4.5,12.5,15.3,1,2,5:53 AM,8:20 PM,3:27 PM,3:21 AM,Waxing Gibbous,73,2024,5,Spring
,Nepal,Kathmandu,27.72,85.32,1716042600,26,78.8,Partly cloudy,6.9,11.2,220,SW,1012,29.88,0,0,70,25,25.5,77.9,7,4,1,11.4,18.4,754.4,81.5,15.1,6.6,60.7,94.9,3,8,5:13 AM,6:48 PM,2:13 PM,2:06 AM,Waxing Gibbous,73,2024,5,Spring
,Netherlands,Amsterdam,52.37,4.89,1716042600,22,71.6,Light rain,8.1,13,360,N,1010,29.83,0.01,0,50,25,24.5,76,10,6,5,8.9,14.3,243.7,57.9,24.7,1,6,6.6,1,1,5:40 AM,9:35 PM,4:01 PM,3:59 AM,Waxing Gibbous,73,2024,5,Spring
,New Zealand,Wellington,-41.3,174.78,1716042600,12,53.6,Partly cloudy,9.4,15.1,140,SE,1020,30.12,0.1,0,82,75,10.2,50.3,10,6,1,17,27.4,233.7,42.6,1,0.5,2.4,7.7,1,1,7:25 AM,5:09 PM,2:36 PM,1:42 AM,Waxing Gibbous,73,2024,5,Spring
,Nicaragua,Managua,12.15,-86.27,1716042600,29,84.2,Partly cloudy,6.9,11.2,70,ENE,1012,29.89,0,0,79,25,33.5,92.4,10,6,7,9.5,15.3,387.2,21.1,8.9,8.4,17.4,19.3,2,2,5:20 AM,6:03 PM,2:18 PM,1:58 AM,Waxing Gibbous,73,2024,5,Spring
,Niger,Niamey,13.52,2.12,1716042600,43,109.4,Overcast,2.5,4,120,ESE,1007,29.74,0,0,15,0,44.6,112.2,4,2,10,2.6,4.1,287.1,46.5,0.3,0.4,54.3,262.3,3,7,6:24 AM,7:12 PM,3:14 PM,2:57 AM,Waxing Gibbous,73,2024,5,Spring
,Nigeria,Abuja,9.18,7.18,1716042600,33,91.4,Partly cloudy,8.1,13,240,WSW,1010,29.83,0,0,63,50,31.9,89.5,10,6,9,12.5,20.2,460.6,41.8,0.4,0.1,9.3,22.9,1,1,6:11 AM,6:45 PM,2:53 PM,2:35 AM,Waxing Gibbous,73,2024,5,Spring
,North Korea,Pyongyang,39.02,125.75,1716042600,17.2,63,Clear,6,9.7,177,S,1017,30.04,0,0,80,8,17.2,63,10,6,1,10.8,17.3,460.6,42.9,18,23.1,30.9,56.8,2,3,5:22 AM,7:46 PM,2:38 PM,2:42 AM,Waxing Gibbous,73,2024,5,Spring
,Macedonia,Skopje,42,21.43,1716042600,27,80.6,Partly cloudy,3.8,6.1,200,SSW,1013,29.91,0.03,0,58,25,28.2,82.7,10,6,6,5.7,9.1,198.6,107.3,1.5,4.4,12.9,27.1,1,2,5:11 AM,7:52 PM,2:52 PM,2:47 AM,Waxing Gibbous,73,2024,5,Spring
,Norway,Oslo,59.92,10.75,1716042600,23,73.4,Sunny,11.9,19.1,200,SSW,1015,29.97,0,0,25,0,23.4,74,10,6,6,16.3,26.3,191.9,127.3,1.9,2.8,4.6,5,1,1,4:32 AM,9:56 PM,3:36 PM,3:41 AM,Waxing Gibbous,73,2024,5,Spring
,Oman,Muscat,23.61,58.59,1716042600,38,100.4,Sunny,3.8,6.1,80,E,1003,29.62,0,0,20,0,45.4,113.8,10,6,8,7.7,12.3,208.6,123,0.7,1.2,33.2,102.5,2,3,5:23 AM,6:42 PM,2:19 PM,2:09 AM,Waxing Gibbous,73,2024,5,Spring
,Pakistan,Islamabad,33.7,73.17,1716042600,32.4,90.4,Sunny,8.3,13.3,332,NNW,1002,29.58,0,0,28,3,31.4,88.5,10,6,8,12.8,20.6,1081.5,39.7,58.3,3,15.2,28.5,1,2,5:04 AM,7:04 PM,2:18 PM,2:13 AM,Waxing Gibbous,73,2024,5,Spring
,Palau,Meyungs,7.35,134.45,1716042600,25,77,Light rain,9.4,15.1,50,NE,1008,29.77,1.82,0.07,94,100,27.3,81.2,11,6,1,16.6,26.8,178.6,31.8,0.1,0.1,1.8,3.9,1,1,5:45 AM,6:13 PM,2:09 PM,1:53 AM,Waxing Gibbous,73,2024,5,Spring
,Bolivia,National,-11.18,-67.08,1716042600,31,87.7,Sunny,2.2,3.6,15,NNE,1015,29.98,0,0,53,17,33.6,92.4,10,6,9,2.3,3.7,120.2,1.3,0,0,0.5,0.6,1,1,6:37 AM,6:12 PM,2:57 PM,2:36 AM,Waxing Gibbous,73,2024,5,Spring
,Panama,Panama City,8.97,-79.53,1716042600,30,86,Partly cloudy,4.3,6.8,250,WSW,1012,29.88,0,0,75,37,36.6,97.9,9,5,7,8.7,14,660.9,11.4,13.4,10,10.5,12.2,1,1,5:58 AM,6:31 PM,2:50 PM,2:30 AM,Waxing Gibbous,73,2024,5,Spring
,Papua New Guinea,Port Moresby,-9.46,147.19,1716042600,26,78.8,Partly cloudy,11.9,19.1,130,SE,1007,29.74,0.21,0.01,84,50,29.5,85.1,10,6,1,14,22.6,220.3,19,5.4,5.1,2.3,4.7,1,1,6:17 AM,5:58 PM,2:20 PM,1:54 AM,Waxing Gibbous,73,2024,5,Spring
,Paraguay,Pasto,-19.45,-61.15,1716042600,15.9,60.6,Overcast,9.6,15.5,184,S,1022,30.19,0,0,65,100,15.9,60.6,10,6,5,11.1,17.8,220.3,20,0.1,0,2.1,2.1,1,1,6:26 AM,5:36 PM,2:33 PM,2:10 AM,Waxing Gibbous,73,2024,5,Spring
,Peru,Lima,-12.05,-77.05,1716042600,18.8,65.8,Partly Cloudy,4.3,6.8,227,SW,1015,29.97,0,0,86,53,18.8,65.8,10,6,6,5.1,8.1,327.1,35.1,12,6.9,10.9,21.6,1,1,6:18 AM,5:51 PM,2:38 PM,2:17 AM,Waxing Gibbous,73,2024,5,Spring
,Poland,Warsaw,52.25,21,1716042600,23,73.4,Sunny,10.5,16.9,160,SSE,1013,29.91,0,0,38,0,24.6,76.2,10,6,5,12.7,20.4,208.6,95.8,2.6,2.7,1.8,2.2,1,1,4:36 AM,8:30 PM,2:53 PM,2:54 AM,Waxing Gibbous,73,2024,5,Spring
,Portugal,Lisbon,38.72,-9.13,1716042600,19,66.2,Partly cloudy,12.5,20.2,320,NW,1015,29.97,0,0,52,25,19,66.2,10,6,5,18,29,188.6,89.4,0.9,0.8,1.3,2.8,1,1,6:21 AM,8:45 PM,4:00 PM,3:50 AM,Waxing Gibbous,73,2024,5,Spring
,Qatar,Doha,25.29,51.53,1716042600,36,96.8,Sunny,17.4,28.1,350,N,1006,29.71,0,0,27,0,37.4,99.2,10,6,8,30.3,48.7,317.1,203.1,13.2,9.2,33.9,82.4,2,3,4:47 AM,6:13 PM,1:49 PM,1:38 AM,Waxing Gibbous,73,2024,5,Spring
,Romania,Bucharest,44.43,26.1,1716042600,21,69.8,Partly cloudy,2.2,3.6,8,N,1017,30.03,0,0,49,75,21,69.8,10,6,6,6.7,10.8,233.7,114.4,2.9,2.6,9.9,12.7,1,1,5:45 AM,8:40 PM,3:33 PM,3:29 AM,Waxing Gibbous,73,2024,5,Spring
,Russia,Moscow,55.75,37.62,1716042600,19,66.2,Sunny,6.9,11.2,40,NE,1018,30.06,0,0,30,0,19,66.2,10,6,5,11.4,18.3,230.3,78.7,24.7,8.5,2,3.1,1,1,4:12 AM,8:41 PM,2:43 PM,2:49 AM,Waxing Gibbous,73,2024,5,Spring
,Rwanda,Kigali,-1.95,30.06,1716042600,28,82.4,Partly cloudy,5.6,9,120,ESE,1017,30.03,0.99,0.04,45,50,32.5,90.5,10,6,6,10.1,16.2,287.1,36.1,0.5,0.7,5.4,7.6,1,1,5:56 AM,5:57 PM,2:19 PM,1:58 AM,Waxing Gibbous,73,2024,5,Spring
,Saint Kitts and Nevis,Basseterre,17.3,-62.72,1716042600,31,87.8,Partly cloudy,9.4,15.1,40,NE,1017,30.03,0.08,0,75,25,39.4,102.9,10,6,6,20.7,33.3,260.4,31.8,0.4,0.5,1.5,4.9,1,1,5:38 AM,6:37 PM,2:41 PM,2:22 AM,Waxing Gibbous,73,2024,5,Spring
,Saint Lucia,Castries,14,-61,1716042600,31,87.8,Partly cloudy,15,24.1,120,ESE,1016,30,0.01,0,66,50,36.6,97.9,10,6,6,20.6,33.1,195.3,35.4,0,0.1,1.9,6.2,1,1,5:37 AM,6:25 PM,2:34 PM,2:15 AM,Waxing Gibbous,73,2024,5,Spring
,Saint Vincent and the Grenadines,Kingstown,13.13,-61.22,1716042600,32,89.6,Partly cloudy,23,37.1,90,E,1016,30,0.02,0,71,25,42.6,108.7,10,6,6,27.2,43.7,223.6,32.2,0.1,0.1,2.7,10.6,1,1,5:39 AM,6:24 PM,2:35 PM,2:15 AM,Waxing Gibbous,73,2024,5,Spring
,Samoa,Apia,-13.83,-171.73,1716042600,26,78.8,Partly cloudy,4.3,6.8,100,E,1008,29.77,0.58,0.02,94,25,28.6,83.6,10,6,1,27.3,44,208.6,35.8,0.2,0.2,2,4.7,1,1,6:40 AM,6:07 PM,2:32 PM,2:02 AM,Waxing Gibbous,73,2024,5,Spring
,San Marino,San Marino,43.93,12.45,1716042600,20,68,Sunny,11.9,19.1,100,E,1012,29.88,0.1,0,73,0,20,68,10,6,4,16.3,26.3,191.9,127.3,0.9,2.2,14.2,27.5,1,2,5:41 AM,8:33 PM,3:30 PM,3:24 AM,Waxing Gibbous,73,2024,5,Spring
,Belgium,'S Gravenstaffel,50.88,2.98,1716042600,13,55.4,Overcast,8.1,13,300,WNW,1012,29.88,0,0,94,100,11.9,53.4,6,3,5,9,14.5,227,88.7,3.3,2,4.9,5.4,1,1,5:54 AM,9:36 PM,4:09 PM,4:05 AM,Waxing Gibbous,73,2024,5,Spring
,Saudi Arabia,Riyadh,24.64,46.77,1716042600,35,95,Sunny,12.5,20.2,360,N,1013,29.91,0,0,9,0,33.2,91.7,10,6,9,16.5,26.5,227,153.1,8.1,16.9,27.3,92.5,2,3,5:08 AM,6:31 PM,2:08 PM,1:57 AM,Waxing Gibbous,73,2024,5,Spring
,Senegal,Dakar,14.67,-17.44,1716042600,26,78.8,Partly cloudy,11.9,19.1,320,NW,1012,29.88,0,0,74,50,28,82.3,10,6,6,21.9,35.3,181.9,101.6,0.4,1.1,6.4,25.8,1,1,6:41 AM,7:32 PM,3:34 PM,3:17 AM,Waxing Gibbous,73,2024,5,Spring
,Serbia,Belgrade,44.8,20.47,1716042600,26,78.8,Sunny,2.2,3.6,113,ESE,1014,29.94,0,0,32,0,26.4,79.5,10,6,6,10,16.2,195.3,121.6,1.1,7.4,7.5,9.4,1,1,5:06 AM,8:04 PM,2:56 PM,2:52 AM,Waxing Gibbous,73,2024,5,Spring
,Seychelles Islands,Victoria,-4.62,55.45,1716042600,29,84.2,Partly cloudy,2.2,3.6,14,NNE,1009,29.8,0,0,84,50,33,91.5,10,6,8,3.1,5,237,35.1,0.6,0.6,1,2.3,1,1,6:17 AM,6:11 PM,2:35 PM,2:13 AM,Waxing Gibbous,73,2024,5,Spring
,Sierra Leone,Freetown,8.49,-13.23,1716042600,31,87.8,Partly cloudy,12.5,20.2,250,WSW,1010,29.83,0.76,0.03,66,75,37.3,99.1,10,6,7,17,27.4,440.6,52.2,0.5,0.4,6.3,9,1,1,6:33 AM,7:05 PM,3:17 PM,2:58 AM,Waxing Gibbous,73,2024,5,Spring
,Singapore,Singapore,1.29,103.86,1716042600,29,84.2,Partly cloudy,6.9,11.2,160,SSE,1008,29.77,0,0,75,75,34,93.1,10,6,1,13.3,21.5,727.7,0,26.4,18.6,5.3,7.3,1,1,6:56 AM,7:07 PM,3:16 PM,2:56 AM,Waxing Gibbous,73,2024,5,Spring
,Slovakia,Bratislava,48.15,17.12,1716042600,20,68,Partly cloudy,6.9,11.2,100,E,1013,29.91,0,0,64,50,20,68,10,6,6,11.4,18.4,200.3,93,1.6,1.2,4.4,4.6,1,1,5:08 AM,8:28 PM,3:10 PM,3:07 AM,Waxing Gibbous,73,2024,5,Spring
,Slovenia,Ljubljana,46.06,14.51,1716042600,23,73.4,Partly cloudy,11.9,19.1,250,WSW,1013,29.91,0,0,41,25,24.6,76.4,10,6,6,16.3,26.3,185.3,98.7,0.7,0.5,2,2.6,1,1,5:26 AM,8:31 PM,3:21 PM,3:17 AM,Waxing Gibbous,73,2024,5,Spring
,Solomon Islands,Honiara,-9.43,159.95,1716042600,26,78.8,Partly cloudy,3.8,6.1,110,ESE,1006,29.71,0.01,0,100,50,29,84.2,10,6,1,8.3,13.3,220.3,27.5,0.9,0.4,0.6,0.6,1,1,6:26 AM,6:07 PM,2:27 PM,2:01 AM,Waxing Gibbous,73,2024,5,Spring
,Somalia,Mogadishu,2.07,45.37,1716042600,30,86,Partly cloudy,16.1,25.9,200,SSW,1008,29.77,0.01,0,84,25,36.7,98,10,6,6,24.8,40,240.3,28.6,0.1,0.2,2.1,10.1,1,1,5:49 AM,6:02 PM,2:16 PM,1:56 AM,Waxing Gibbous,73,2024,5,Spring
,South Africa,Pretoria,-25.75,28.19,1716042600,26,78.8,Sunny,8.1,13,190,S,1025,30.27,0,0,21,0,24.5,76,10,6,8,12.5,20.2,567.4,113,9.2,32.9,45.8,64.2,3,5,6:39 AM,5:28 PM,2:28 PM,1:59 AM,Waxing Gibbous,73,2024,5,Spring
,South Korea,Seoul,37.57,127,1716042600,17,62.6,Clear,3.8,6.1,290,WNW,1018,30.06,0,0,88,0,17,62.6,10,6,1,8.3,13.3,974.7,0,85,43.4,33.9,47.2,2,3,5:20 AM,7:37 PM,2:33 PM,2:36 AM,Waxing Gibbous,73,2024,5,Spring
,Sudan,Juba,12.15,24.45,1716042600,39.1,102.5,Sunny,6.3,10.1,52,NE,1005,29.68,0,0,6,0,38.7,101.6,10,6,9,7.2,11.6,183.6,75.8,0.1,0.2,22.7,99,2,2,5:57 AM,6:40 PM,2:41 PM,2:25 AM,Waxing Gibbous,73,2024,5,Spring
,Spain,Madrid,40.4,-3.68,1716042600,21,69.8,Partly cloudy,2.2,3.6,230,SW,1011,29.85,0,0,26,50,21,69.8,10,6,6,12.9,20.7,180.2,83,2.4,0.1,0.5,0.7,1,1,6:55 AM,9:28 PM,4:37 PM,4:28 AM,Waxing Gibbous,73,2024,5,Spring
,Sri Lanka,Colombo,6.93,79.85,1716042600,25,77,Light rain,5.6,9,150,SSE,1007,29.74,3.21,0.13,100,50,27.8,82,8,4,1,21.3,34.2,253.7,42.2,5.4,2.5,1.8,3.6,1,1,5:54 AM,6:20 PM,2:24 PM,2:06 AM,Waxing Gibbous,73,2024,5,Spring
,Sudan,Khartoum,15.59,32.53,1716042600,42.5,108.5,Sunny,4.5,7.2,341,NNW,1003,29.61,0,0,7,4,43.8,110.8,10,6,10,5.1,8.3,210.3,91.6,0.7,0.7,19.4,83.1,2,2,5:20 AM,6:13 PM,2:08 PM,1:53 AM,Waxing Gibbous,73,2024,5,Spring
,Suriname,Paramaribo,5.83,-55.17,1716042600,29.2,84.5,Light rain shower,4.9,7.9,92,E,1014,29.93,0.91,0.04,74,62,33.8,92.8,10,6,6,6.6,10.6,203.6,25.4,1.4,1.1,0.9,1.4,1,1,6:25 AM,6:49 PM,3:10 PM,2:50 AM,Waxing Gibbous,73,2024,5,Spring
,Sweden,Stockholm,59.33,18.05,1716042600,22,71.6,Sunny,12.5,20.2,230,SW,1016,30,0,0,35,0,23.8,74.9,10,6,6,17,27.4,207,101.6,5.7,6.6,4.1,5,1,1,4:07 AM,9:23 PM,3:05 PM,3:11 AM,Waxing Gibbous,73,2024,5,Spring
,Switzerland,Bern,46.92,7.47,1716042600,17,62.6,Partly cloudy,8.1,13,270,W,1011,29.85,1.02,0.04,55,75,17,62.6,10,6,4,12.5,20.2,220.3,55.1,10.2,1.8,4,4.3,1,1,5:51 AM,9:03 PM,3:51 PM,3:46 AM,Waxing Gibbous,73,2024,5,Spring
,Syria,Damascus,33.5,36.3,1716042600,33,91.4,Partly cloudy,15,24.1,310,NW,1014,29.94,0,0,14,50,30.9,87.5,10,6,7,17.5,28.2,186.9,87.3,2,1.6,28.4,146.5,2,3,5:33 AM,7:31 PM,2:51 PM,2:43 AM,Waxing Gibbous,73,2024,5,Spring
,Tajikistan,Dushanbe,38.56,68.77,1716042600,22,71.6,Clear,9.4,15.1,80,E,1015,29.97,0.01,0,57,0,24.6,76.2,10,6,4,13.9,22.3,240.3,43.6,0.9,1.8,1.2,1.5,1,1,5:11 AM,7:33 PM,2:35 PM,2:33 AM,Waxing Gibbous,73,2024,5,Spring
,Tanzania,Dodoma,-6.18,35.75,1716042600,30,86,Partly cloudy,6.9,11.2,220,SW,1015,29.97,0,0,38,25,29.5,85.1,10,6,8,8,12.9,233.7,32.2,0.5,0.2,1.9,3.3,1,1,6:39 AM,6:28 PM,2:56 PM,2:33 AM,Waxing Gibbous,73,2024,5,Spring
,Thailand,Bangkok,13.75,100.52,1716042600,31,87.8,Partly cloudy,5.6,9,160,SSE,1005,29.68,0,0,75,25,36.5,97.8,10,6,1,15,24.1,1615.5,0,30.9,25.3,33.2,51.4,2,3,5:51 AM,6:38 PM,2:28 PM,2:14 AM,Waxing Gibbous,73,2024,5,Spring
,Timor-Leste,Dili,-8.56,125.57,1716042600,24.5,76,Clear,7.2,11.5,157,SSE,1011,29.86,0,0,74,8,26.2,79.2,10,6,1,10.5,16.9,223.6,27.9,0.1,0.1,0.5,0.9,1,1,6:43 AM,6:25 PM,2:48 PM,2:23 AM,Waxing Gibbous,73,2024,5,Spring
,Bulgaria,Lom,43.81,23.24,1716042600,23,73.4,Sunny,6.9,11.2,300,WNW,1015,29.97,0,0,47,0,24.8,76.7,10,6,6,11.4,18.4,207,91.6,0.6,0.5,10.2,18,1,1,5:58 AM,8:49 PM,3:45 PM,3:40 AM,Waxing Gibbous,73,2024,5,Spring
,Tonga,Nuku`Aloia,-21.13,-175.2,1716042600,25,77,Partly cloudy,9.4,15.1,70,ENE,1012,29.88,0,0,94,37,27.4,81.4,10,6,1,20.3,32.6,223.6,43.3,0.1,0.1,3.4,6.8,1,1,7:05 AM,6:09 PM,2:49 PM,2:13 AM,Waxing Gibbous,73,2024,5,Spring
,Trinidad and Tobago,Port Of Spain,10.65,-61.52,1716042600,30,86,Moderate rain,12.5,20.2,90,E,1015,29.97,0.01,0,79,50,33.6,92.4,9,5,6,14.8,23.8,240.3,30,1,0.5,1.8,5.3,1,1,5:44 AM,6:21 PM,2:36 PM,2:16 AM,Waxing Gibbous,73,2024,5,Spring
,Tunisia,Tunis,36.8,10.18,1716042600,32,89.6,Partly cloudy,4.3,6.8,90,E,1009,29.8,0.02,0,41,25,32.7,90.8,10,6,7,17.9,28.7,327.1,74.4,2.8,5.1,15.7,42.8,2,2,5:09 AM,7:23 PM,2:39 PM,2:30 AM,Waxing Gibbous,73,2024,5,Spring
,Turkey,Ankara,39.93,32.86,1716042600,27,80.6,Partly cloudy,15,24.1,270,W,1015,29.97,0,0,34,25,27.2,80.9,10,6,6,15.7,25.3,207,95.8,7.4,3.7,6.4,21.1,1,1,5:31 AM,8:00 PM,3:05 PM,3:00 AM,Waxing Gibbous,73,2024,5,Spring
,Turkmenistan,Ashgabat,37.95,58.38,1716042600,15,59,Moderate or heavy rain with thunder,4.3,6.8,200,SSW,1017,30.03,0.06,0,88,100,15.8,60.4,9,5,4,8.7,14,201.9,93,0.5,0.2,2.4,8.3,1,1,5:54 AM,8:13 PM,3:19 PM,3:15 AM,Waxing Gibbous,73,2024,5,Spring
,Tuvalu,Funafuti,-8.52,179.22,1716042600,29,84.2,Partly cloudy,2.2,3.6,10,N,1006,29.71,0.28,0.01,84,50,33.8,92.9,10,6,1,7.3,11.8,201.9,19,0,0,0.5,1,1,1,6:08 AM,5:51 PM,2:08 PM,1:42 AM,Waxing Gibbous,73,2024,5,Spring
,Uganda,Kampala,0.32,32.57,1716042600,25,77,Partly cloudy,9.4,15.1,180,S,1015,29.97,0,0,74,25,26.1,79,10,6,7,10.1,16.3,300.4,32.5,0.3,0.2,2.8,4.2,1,1,6:42 AM,6:50 PM,3:09 PM,2:48 AM,Waxing Gibbous,73,2024,5,Spring
,Ukraine,Kyiv,50.43,30.52,1716042600,19.8,67.6,Patchy rain nearby,4,6.5,292,WNW,1017,30.03,0.21,0.01,49,76,19.8,67.6,9,5,4,5.7,9.2,193.6,94.4,1,1.2,3.4,3.6,1,1,5:06 AM,8:44 PM,3:14 PM,3:15 AM,Waxing Gibbous,73,2024,5,Spring
,United Arab Emirates,Abu Dhabi,24.47,54.37,1716042600,35,95,Sunny,9.4,15.1,340,NNW,1004,29.65,0,0,35,0,45.9,114.7,10,6,8,19.2,30.9,208.6,83,0.2,0.4,28.8,93.3,2,3,5:38 AM,7:01 PM,2:37 PM,2:26 AM,Waxing Gibbous,73,2024,5,Spring
,United Kingdom,London,51.52,-0.11,1716042600,18,64.4,Partly cloudy,6.9,11.2,60,ENE,1013,29.91,0.19,0.01,68,50,18,64.4,10,6,4,8.8,14.2,203.6,86.6,6.7,2.4,3.3,3.7,1,1,5:04 AM,8:51 PM,3:22 PM,3:19 AM,Waxing Gibbous,73,2024,5,Spring
,United States of America,Washington Park,46.6,-120.49,1716042600,8.9,48,Overcast,2.2,3.6,10,N,1016,30.01,0,0,63,100,7.8,46.1,16,9,3,5.6,9.1,213.6,50.1,3,0.2,0.9,1.9,1,1,5:24 AM,8:34 PM,3:45 PM,3:22 AM,Waxing Gibbous,73,2024,5,Spring
,Uruguay,Montevideo,-34.86,-56.17,1716042600,12,53.6,Partly cloudy,11.9,19.1,200,SSW,1026,30.3,0.01,0,62,50,10,50,10,6,4,14.1,22.7,330.5,42.6,5.7,10.6,1.9,4.4,1,1,7:35 AM,5:48 PM,3:12 PM,2:46 AM,Waxing Gibbous,73,2024,5,Spring
,Uzbekistan,Tashkent,41.32,69.25,1716042600,24,75.2,Clear,6.9,11.2,130,SE,1013,29.91,0,0,47,0,25.5,77.8,10,6,6,11.2,18,393.9,23.3,42.5,3,3.2,3.7,1,1,5:01 AM,7:38 PM,2:33 PM,2:33 AM,Waxing Gibbous,73,2024,5,Spring
,Vanuatu,Port Vila,-17.73,168.32,1716042600,25,76.9,Patchy rain nearby,9.8,15.8,109,ESE,1008,29.77,0.05,0,92,88,27.8,82.1,10,6,1,14.6,23.5,217,34.7,0.2,1,2.9,6.3,1,1,6:05 AM,5:21 PM,1:55 PM,1:23 AM,Waxing Gibbous,73,2024,5,Spring
,Venezuela,Caracas,10.5,-66.92,1716042600,28,82.4,Partly cloudy,5.6,9,70,ENE,1015,29.97,0.1,0,79,50,30.2,86.3,10,6,6,10.1,16.2,293.7,31.8,8.7,15,1.7,1.9,1,1,6:05 AM,6:43 PM,2:58 PM,2:38 AM,Waxing Gibbous,73,2024,5,Spring
,Vietnam,Hanoi,21.03,105.85,1716042600,29,84.2,Overcast,10.5,16.9,130,SE,1003,29.62,0.65,0.03,89,100,37.9,100.2,10,6,1,14.9,24,660.9,19,21.8,14.2,14.3,18.2,1,2,5:18 AM,6:28 PM,2:05 PM,1:55 AM,Waxing Gibbous,73,2024,5,Spring
,Yemen,Sanaa,15.35,44.21,1716042600,25.6,78,Sunny,17.4,28.1,59,ENE,1011,29.86,0,0,25,0,24.7,76.4,10,6,7,20.1,32.3,171.9,68,0.9,2.2,17.2,67.3,2,2,5:34 AM,6:26 PM,2:20 PM,2:05 AM,Waxing Gibbous,73,2024,5,Spring
,Zambia,Lusaka,-15.42,28.28,1716042600,25.7,78.2,Sunny,8.9,14.4,112,ESE,1014,29.95,0,0,33,20,25.4,77.6,10,6,8,10.9,17.5,794.4,50.1,2.1,4,6,10.8,1,1,6:22 AM,5:45 PM,2:27 PM,2:02 AM,Waxing Gibbous,73,2024,5,Spring
,Zimbabwe,Harare,-17.82,31.04,1716042600,25.1,77.3,Sunny,5.4,8.6,167,SSE,1016,29.99,0,0,9,0,23.9,75,10,6,8,6.2,9.9,323.8,65.8,3.9,7.3,9.4,11.6,1,1,6:15 AM,5:30 PM,2:16 PM,1:50 AM,Waxing Gibbous,73,2024,5,Spring
,Afghanistan,Kabul,34.52,69.18,1716127200,16.9,62.4,Patchy rain nearby,4,6.5,139,SE,1010,29.82,0.17,0.01,52,75,16.9,62.5,9,5,4,5.3,8.6,1174.9,87.3,14.9,0.6,4.8,10.1,1,1,4:48 AM,6:52 PM,3:00 PM,2:22 AM,Waxing Gibbous,81,2024,5,Spring
,Albania,Tirana,41.33,19.82,1716127200,28,82.4,Partly cloudy,5.6,9,290,WNW,1010,29.83,0,0,66,25,29.9,85.8,10,6,7,10.1,16.2,247,68.7,7.1,0.5,27.5,70,2,3,5:18 AM,7:57 PM,4:00 PM,3:11 AM,Waxing Gibbous,81,2024,5,Spring
,Algeria,Algiers,36.76,3.05,1716127200,23,73.4,Partly cloudy,12.5,20.2,340,NNW,1010,29.83,0,0,50,25,24.7,76.5,10,6,6,17,27.4,200.3,107.3,4.7,1.4,2.8,4,1,1,5:37 AM,7:52 PM,4:06 PM,3:21 AM,Waxing Gibbous,81,2024,5,Spring
,Andorra,Andorra La Vella,42.5,1.52,1716127200,11.5,52.7,Light rain shower,7.6,12.2,181,S,1008,29.77,0.69,0.03,69,56,10.1,50.2,10,6,3,11.2,18,153.5,83,0.9,0.5,1.4,1.6,1,1,6:28 AM,9:14 PM,5:17 PM,4:25 AM,Waxing Gibbous,81,2024,5,Spring
,Angola,Luanda,-8.84,13.23,1716127200,29,84.2,Partly cloudy,11.9,19.1,270,W,1008,29.77,0,0,70,25,33,91.4,10,6,8,16.4,26.5,567.4,104.4,6,3.6,39.4,91.7,2,4,6:13 AM,5:54 PM,3:04 PM,2:48 AM,Waxing Gibbous,81,2024,5,Spring
,Antigua and Barbuda,Saint John's,17.12,-61.85,1716127200,30,86,Partly cloudy,8.1,13,90,E,1016,30,0.17,0.01,70,25,36.2,97.1,10,6,6,16,25.8,293.7,25.8,0.4,0.6,1.5,5.9,1,1,5:35 AM,6:33 PM,3:25 PM,2:50 AM,Waxing Gibbous,81,2024,5,Spring
,Argentina,Buenos Aires,-34.59,-58.67,1716127200,10,50,Sunny,2.2,3.6,163,SSE,1027,30.33,0,0,62,0,10.3,50.5,10,6,5,2.3,3.7,1134.9,5.6,27.8,5.1,7,10,1,1,7:45 AM,5:58 PM,3:45 PM,3:52 AM,Waxing Gibbous,81,2024,5,Spring
,Armenia,Yerevan,40.18,44.51,1716127200,21,69.8,Partly cloudy,6.9,11.2,220,SW,1012,29.88,0.35,0.01,26,37,21,69.8,10,6,3,7.5,12.1,173.6,113,1.1,0.2,1.2,1.5,1,1,5:43 AM,8:15 PM,4:16 PM,3:32 AM,Waxing Gibbous,81,2024,5,Spring
,Australia,Canberra,-35.28,149.22,1716127200,-1,30.2,Clear,6.9,11.2,120,ESE,1022,30.18,0,0,93,0,-2.4,27.7,10,6,1,11.4,18.4,283.7,12.7,12.2,0.8,5.1,7.3,1,1,6:54 AM,5:05 PM,2:39 PM,2:28 AM,Waxing Gibbous,81,2024,5,Spring
,Austria,Vienna,48.2,16.37,1716127200,23,73.4,Partly cloudy,5.6,9,50,NE,1011,29.85,0,0,47,25,24.7,76.4,10,6,6,10.1,16.2,188.6,105.9,0.9,0.3,1.9,2.4,1,1,5:10 AM,8:33 PM,4:19 PM,3:23 AM,Waxing Gibbous,81,2024,5,Spring
,Azerbaijan,Baku,40.4,49.88,1716127200,18,64.4,Partly cloudy,20.6,33.1,160,SSE,1016,30,0,0,64,50,18,64.4,10,6,5,25.1,40.3,208.6,89.4,4.7,0.8,1.3,1.7,1,1,5:21 AM,7:54 PM,3:54 PM,3:10 AM,Waxing Gibbous,81,2024,5,Spring
,Bahamas,Nassau,25.08,-77.35,1716127200,29,84.2,Partly cloudy,11.9,19.1,220,SW,1016,30,0,0,79,50,34.6,94.2,10,6,7,16.3,26.3,317.1,62.9,2.5,3.2,5,11.9,1,1,6:23 AM,7:49 PM,4:33 PM,3:51 AM,Waxing Gibbous,81,2024,5,Spring
,Bahrain,Manama,26.24,50.58,1716127200,32,89.6,Sunny,17.4,28.1,330,NNW,1005,29.68,0,0,38,0,36.6,97.8,10,6,7,30.8,49.6,273.7,188.8,5.2,16.5,29.3,60.2,2,3,4:49 AM,6:19 PM,2:43 PM,2:09 AM,Waxing Gibbous,81,2024,5,Spring
,Bangladesh,Dhaka,23.72,90.41,1716127200,30.8,87.4,Clear,11.2,18,176,S,1001,29.57,0,0,64,15,35.5,95.9,10,6,1,17.9,28.9,620.8,97.3,13.5,6.8,48.9,63.2,3,6,5:15 AM,6:35 PM,2:58 PM,2:27 AM,Waxing Gibbous,81,2024,5,Spring
,Barbados,Bridgetown,13.1,-59.62,1716127200,30,86,Partly cloudy,18.6,29.9,90,E,1015,29.97,0.16,0.01,79,50,36.2,97.2,10,6,6,23,37.1,307.1,21.6,1.6,2.1,1.9,8,1,1,5:32 AM,6:18 PM,3:13 PM,2:42 AM,Waxing Gibbous,81,2024,5,Spring
,Belarus,Minsk,53.9,27.57,1716127200,21,69.8,Moderate or heavy rain with thunder,11.9,19.1,320,NW,1014,29.94,0.24,0.01,49,62,21,69.8,10,6,5,16.3,26.3,193.6,97.3,2.2,2.2,2.9,3.1,1,1,5:01 AM,9:13 PM,4:38 PM,3:36 AM,Waxing Gibbous,81,2024,5,Spring
,Belgium,Brussels,50.83,4.33,1716127200,20,68,Partly cloudy,8.1,13,290,WNW,1012,29.88,0.06,0,64,25,20,68,10,6,5,13.7,22,201.9,117.3,2.5,1,4.3,4.8,1,1,5:48 AM,9:32 PM,5:13 PM,4:10 AM,Waxing Gibbous,81,2024,5,Spring
,Belize,Belmopan,17.25,-88.77,1716127200,30,86,Partly cloudy,5.6,9,90,E,1011,29.85,0.02,0,84,50,41.3,106.4,8,4,6,10.1,16.2,263.7,30,0.4,0.4,6.7,22.9,1,1,5:22 AM,6:21 PM,3:16 PM,2:40 AM,Waxing Gibbous,81,2024,5,Spring
,Benin,Porto-Novo,6.48,2.62,1716127200,31.3,88.4,Patchy rain nearby,7.8,12.6,196,SSW,1009,29.78,0.02,0,64,76,36.8,98.2,10,6,7,9.2,14.8,347.1,31.8,0.6,0.8,1.7,4,1,1,6:33 AM,6:59 PM,3:54 PM,3:29 AM,Waxing Gibbous,81,2024,5,Spring
,Bhutan,Thimphu,27.48,89.6,1716127200,10.5,50.9,Patchy rain nearby,3.8,6.1,230,SW,1012,29.88,0.78,0.03,92,70,10,50.1,9,5,1,7.2,11.6,303.8,84.4,0.6,0.7,7.4,9.2,1,1,5:11 AM,6:46 PM,3:02 PM,2:30 AM,Waxing Gibbous,81,2024,5,Spring
,Bolivia,Sucre,-19.04,-65.26,1716127200,13.5,56.3,Sunny,5.4,8.6,27,NNE,1019,30.1,0,0,69,23,13,55.4,10,6,5,6.2,9.9,237,44.7,2.1,1.3,4,9.2,1,1,6:42 AM,5:53 PM,3:21 PM,3:14 AM,Waxing Gibbous,81,2024,5,Spring
,Bosnia and Herzegovina,Sarajevo,43.85,18.38,1716127200,26,78.8,Partly cloudy,2.2,3.6,346,NNW,1011,29.85,0,0,37,50,26.4,79.6,10,6,5,6.7,10.8,210.3,79.4,1.9,9.7,8.7,23.4,1,1,5:17 AM,8:10 PM,4:07 PM,3:16 AM,Waxing Gibbous,81,2024,5,Spring
,Botswana,Gaborone,-24.65,25.91,1716127200,27,80.6,Sunny,4.3,6.8,20,NNE,1024,30.24,0,0,30,0,25.3,77.5,10,6,8,8.7,14,290.4,54.4,4.1,1.6,6.2,9.9,1,1,6:47 AM,5:39 PM,3:06 PM,2:59 AM,Waxing Gibbous,81,2024,5,Spring
,Brazil,Bras,-2.08,-58.17,1716127200,27.2,81,Patchy light rain,3.6,5.8,45,NE,1013,29.92,1.2,0.05,87,64,31.6,88.8,9,5,7,4.7,7.6,223.6,12.3,0.3,0.2,0.5,0.5,1,1,5:49 AM,5:50 PM,3:00 PM,2:40 AM,Waxing Gibbous,81,2024,5,Spring
,Brunei Darussalam,Bandar Seri Begawan,4.88,114.93,1716127200,28,82.4,Partly cloudy,2.2,3.6,10,N,1007,29.74,0.04,0,89,25,33.7,92.6,10,6,1,6.7,10.8,654.2,16.5,7.8,2.2,4.1,4.4,1,1,6:06 AM,6:27 PM,3:11 PM,2:48 AM,Waxing Gibbous,81,2024,5,Spring
,Bulgaria,Sofia,42.68,23.32,1716127200,16,60.8,Overcast,8.1,13,60,ENE,1016,30,0.01,0,94,100,16,60.8,10,6,4,12.5,20.2,200.3,100.1,1.7,0.4,5.1,9.8,1,1,6:00 AM,8:47 PM,4:46 PM,3:57 AM,Waxing Gibbous,81,2024,5,Spring
,Burkina Faso,Ouagadougou,12.37,-1.52,1716127200,39.9,103.9,Sunny,6.5,10.4,248,WSW,1005,29.69,0,0,26,10,42.2,108,10,6,9,7.5,12,323.8,37.2,0.4,0.5,35.8,162.7,2,3,5:41 AM,6:24 PM,3:13 PM,2:45 AM,Waxing Gibbous,81,2024,5,Spring
,Burundi,Bujumbura,-3.38,29.36,1716127200,22,71.6,Patchy rain nearby,7.6,12.2,180,S,1010,29.84,0.65,0.03,76,87,24.5,76.2,9,5,6,13.8,22.2,293.7,40.1,0.4,0.2,4.9,8.9,1,1,6:00 AM,5:58 PM,3:00 PM,2:41 AM,Waxing Gibbous,81,2024,5,Spring
,Madagascar,Ivory,-24.37,46.45,1716127200,21.2,70.1,Patchy rain nearby,10.7,17.3,176,S,1019,30.08,0.01,0,74,78,21.2,70.1,10,6,6,13.3,21.3,213.6,45.8,0.1,0.1,1.5,4.8,1,1,6:24 AM,5:17 PM,2:42 PM,2:33 AM,Waxing Gibbous,81,2024,5,Spring
,Cape Verde,Praia,14.93,-23.51,1716127200,27,80.6,Partly cloudy,23,37.1,40,NE,1015,29.97,0,0,58,25,29.2,84.5,10,6,6,27.5,44.3,171.9,72.2,0.1,0.2,2.7,11.2,1,1,6:05 AM,6:57 PM,3:45 PM,3:14 AM,Waxing Gibbous,81,2024,5,Spring
,Cambodia,Phnom Penh,11.55,104.92,1716127200,32,89.6,Partly cloudy,5.6,9,200,SSW,1003,29.62,0,0,71,50,38.2,100.7,9,5,1,16.3,26.2,640.9,27.2,4.3,1.8,6.6,11.9,1,1,5:37 AM,6:17 PM,2:54 PM,2:29 AM,Waxing Gibbous,81,2024,5,Spring
,Cameroon,Yaounde,3.87,11.52,1716127200,32,89.6,Partly cloudy,2.2,3.6,111,ESE,1013,29.91,0,0,56,75,35.5,96,10,6,7,6.7,10.8,347.1,4.8,1.7,0.4,3,5.6,1,1,6:01 AM,6:19 PM,3:16 PM,2:53 AM,Waxing Gibbous,81,2024,5,Spring
,Canada,Ottawa,45.42,-75.7,1716127200,18,64.4,Sunny,4.3,6.8,90,E,1017,30.02,0,0,77,0,18,64.4,24,14,4,5.4,8.7,230.3,40.4,2.6,1.2,3.5,4.2,1,1,5:28 AM,8:32 PM,4:42 PM,3:36 AM,Waxing Gibbous,81,2024,5,Spring
,Central African Republic,Bangui,4.37,18.58,1716127200,30,86,Partly cloudy,2.2,3.6,47,NE,1010,29.83,0.47,0.02,59,25,38.6,101.5,10,6,6,7.7,12.4,300.4,1.9,0,0,0.5,0.5,1,1,5:33 AM,5:52 PM,2:47 PM,2:24 AM,Waxing Gibbous,81,2024,5,Spring
,Chad,N'djamena,12.11,15.05,1716127200,42.2,108,Sunny,7.6,12.2,33,NNE,1003,29.63,0,0,6,0,43.4,110.1,10,6,10,8.7,14.1,213.6,83,0.3,0.4,32.9,158.8,2,3,5:35 AM,6:18 PM,3:05 PM,2:37 AM,Waxing Gibbous,81,2024,5,Spring
,Chile,Santiago,-33.45,-70.67,1716127200,3,37.4,Mist,3.8,6.1,80,E,1022,30.18,0,0,81,0,2.5,36.5,5,3,5,8.3,13.3,6355.3,12.2,105.6,24.8,440.2,544.4,6,10,7:31 AM,5:48 PM,3:35 PM,3:42 AM,Waxing Gibbous,81,2024,5,Spring
,China,Beijing,39.93,116.39,1716127200,20,68,Clear,9.4,15.1,130,SE,1016,30,0.09,0,64,0,20,68,10,6,1,9.4,15.1,527.4,39.7,46.6,53.4,43.5,52.3,3,5,4:56 AM,7:27 PM,3:17 PM,2:40 AM,Waxing Gibbous,81,2024,5,Spring
,Bulgaria,Bogot,43.32,24.7,1716127200,16.6,61.9,Partly Cloudy,5.6,9,112,ESE,1015,29.97,0,0,91,62,16.6,61.9,10,6,5,7.4,12,196.9,90.8,1,0.3,6.3,8.9,1,1,5:53 AM,8:43 PM,4:40 PM,3:51 AM,Waxing Gibbous,81,2024,5,Spring
,Comoros,Moroni,-11.7,43.24,1716127200,26.4,79.5,Patchy light drizzle,18.3,29.5,168,SSE,1013,29.9,0.31,0.01,82,86,29.4,84.9,5,3,7,21.1,33.9,243.7,39,0.2,0.2,2.7,7.3,1,1,6:17 AM,5:50 PM,3:00 PM,2:45 AM,Waxing Gibbous,81,2024,5,Spring
,Congo,Brazzaville,-4.26,15.28,1716127200,33,91.4,Partly cloudy,2.2,3.6,170,S,1009,29.8,0,0,53,25,33.7,92.7,7,4,9,5.1,8.3,393.9,69.4,1.2,0.7,9,16.1,1,1,5:58 AM,5:53 PM,2:57 PM,2:39 AM,Waxing Gibbous,81,2024,5,Spring
,Costa Rica,San Juan,9.97,-84.08,1716127200,22,71.6,Partly cloudy,6.9,11.2,130,SE,1018,30.06,0.01,0,78,75,24.6,76.2,10,6,5,11.4,18.4,494,4.3,7.9,6.6,4.8,6.1,1,1,5:15 AM,5:51 PM,2:52 PM,2:23 AM,Waxing Gibbous,81,2024,5,Spring
,Croatia,Zagreb,45.8,16,1716127200,25,77,Sunny,6.9,11.2,150,SSE,1010,29.83,0,0,57,0,26.1,78.9,10,6,6,11.4,18.4,203.6,95.8,2,0.1,6.9,11.4,1,1,5:20 AM,8:26 PM,4:19 PM,3:25 AM,Waxing Gibbous,81,2024,5,Spring
,Cuba,Havana,23.13,-82.36,1716127200,29,84.2,Partly cloudy,6.9,11.2,190,S,1015,29.97,0,0,75,25,30.9,87.6,9,5,8,11.4,18.4,460.6,100.1,10.5,34.8,14.7,20.8,1,2,6:46 AM,8:06 PM,4:52 PM,4:12 AM,Waxing Gibbous,81,2024,5,Spring
,Cyprus,Nicosia,35.17,33.37,1716127200,29,84.2,Sunny,12.5,20.2,210,SSW,1010,29.83,0,0,48,0,29.1,84.4,10,6,7,17,27.4,207,88,0.3,0.5,15.1,60.8,1,2,5:40 AM,7:47 PM,3:59 PM,3:18 AM,Waxing Gibbous,81,2024,5,Spring
,Czech Republic,Prague,50.08,14.47,1716127200,20,68,Partly cloudy,3.8,6.1,140,SE,1011,29.85,0.05,0,56,50,20,68,10,6,5,10.1,16.2,193.6,97.3,2.3,1.5,1.5,1.9,1,1,5:10 AM,8:48 PM,4:29 PM,3:30 AM,Waxing Gibbous,81,2024,5,Spring
,Democratic Republic of Congo,Kinshasa,-4.3,15.3,1716127200,33,91.4,Partly cloudy,2.2,3.6,170,S,1009,29.8,0,0,53,25,33.9,93,7,4,9,5.5,8.9,393.9,69.4,1.2,0.7,9,16.1,1,1,5:58 AM,5:53 PM,2:57 PM,2:39 AM,Waxing Gibbous,81,2024,5,Spring
,Denmark,Copenhagen,55.67,12.58,1716127200,20,68,Sunny,8.1,13,130,SE,1011,29.85,0.56,0.02,53,0,20,68,10,6,4,9.7,15.6,200.3,101.6,2.8,1.1,2.6,2.9,1,1,4:51 AM,9:23 PM,4:43 PM,3:35 AM,Waxing Gibbous,81,2024,5,Spring
,Djibouti,Djibouti,11.6,43.15,1716127200,32.1,89.8,Sunny,11.6,18.7,114,ESE,1005,29.67,0,0,69,0,39.9,103.8,10,6,8,13.4,21.5,273.7,74.4,1.6,2.6,10.1,19.9,1,1,5:44 AM,6:24 PM,3:09 PM,2:42 AM,Waxing Gibbous,81,2024,5,Spring
,Dominica,Roseau,15.3,-61.4,1716127200,31,87.8,Partly cloudy,2.2,3.6,280,W,1015,29.97,0.02,0,63,50,38.5,101.4,10,6,6,12.5,20.2,280.4,22.5,0.5,0.3,1.4,4.3,1,1,5:36 AM,6:29 PM,3:22 PM,2:49 AM,Waxing Gibbous,81,2024,5,Spring
,Dominican Republic,Santo Domingo,18.47,-69.9,1716127200,28,82.4,Partly cloudy,4.3,6.8,50,NE,1016,30,0.01,0,89,50,30.1,86.3,10,6,7,5.4,8.7,280.4,54.4,4.2,5.7,4.2,7,1,1,6:04 AM,7:08 PM,3:58 PM,3:23 AM,Waxing Gibbous,81,2024,5,Spring
,Ecuador,Quito,-0.22,-78.5,1716127200,16.4,61.6,Sunny,4.5,7.2,96,E,1016,30.01,0,0,61,9,16.5,61.6,10,6,6,5.1,8.3,1815.8,8.9,32.6,27.2,15,18.6,1,2,6:07 AM,6:14 PM,3:24 PM,3:04 AM,Waxing Gibbous,81,2024,5,Spring
,Egypt,Cairo,30.05,31.25,1716127200,39,102.2,Sunny,9.4,15.1,340,NNW,1010,29.83,0,0,13,0,38.5,101.2,6,3,9,25.8,41.5,195.3,104.4,2.5,3.2,39.1,211.3,2,4,5:59 AM,7:45 PM,4:05 PM,3:28 AM,Waxing Gibbous,81,2024,5,Spring
,El Salvador,San Salvador,13.71,-89.2,1716127200,29,84.2,Partly cloudy,2.2,3.6,6,N,1011,29.85,0,0,84,50,32.9,91.1,10,6,7,2.7,4.3,363.8,4.3,4,8.1,11,17.5,1,1,5:30 AM,6:17 PM,3:16 PM,2:43 AM,Waxing Gibbous,81,2024,5,Spring
,Equatorial Guinea,Malabo,3.75,8.78,1716127200,32,89.6,Partly cloudy,9.4,15.1,270,W,1009,29.8,0.06,0,80,50,42.4,108.4,10,6,6,13.9,22.3,303.8,17.5,0,0.1,0.7,1,1,1,6:12 AM,6:30 PM,3:27 PM,3:04 AM,Waxing Gibbous,81,2024,5,Spring
,Eritrea,Asmara,15.33,38.93,1716127200,23.6,74.5,Patchy rain nearby,9.6,15.5,58,ENE,1009,29.8,0.01,0,45,74,24.8,76.7,10,6,5,15.9,25.6,191.9,61.5,0.2,0.8,13.7,49.2,1,2,5:54 AM,6:47 PM,3:28 PM,2:59 AM,Waxing Gibbous,81,2024,5,Spring
,Estonia,Tallinn,59.43,24.73,1716127200,20,68,Sunny,12.5,20.2,320,NW,1013,29.91,0,0,37,0,20,68,10,6,5,18.3,29.5,183.6,104.4,1.9,2.2,10.8,11.2,1,1,4:38 AM,9:59 PM,4:58 PM,3:44 AM,Waxing Gibbous,81,2024,5,Spring
,Swaziland,Mbabane,-26.32,31.13,1716127200,21,69.8,Sunny,8.1,13,68,ENE,1020,30.13,0,0,51,8,21,69.8,10,6,7,10.4,16.8,293.7,64.4,0.8,4.1,18.1,24.9,2,2,6:29 AM,5:15 PM,2:43 PM,2:37 AM,Waxing Gibbous,81,2024,5,Spring
,Ethiopia,Addis Ababa,9.03,38.7,1716127200,22,71.6,Partly cloudy,16.1,25.9,100,E,1022,30.18,0.04,0,43,75,24.6,76.2,10,6,4,20.6,33.1,212,36.8,1,0.4,10,52.4,1,1,6:05 AM,6:38 PM,3:26 PM,3:01 AM,Waxing Gibbous,81,2024,5,Spring
,Fiji Islands,Suva,-18.13,178.42,1716127200,26,78.8,Partly cloudy,106.9,172.1,95,E,1011,29.85,0.04,0,100,75,29.9,85.7,10,6,1,111.4,179.3,156.9,3.1,1.2,0.7,3.3,5.5,1,1,6:26 AM,5:40 PM,2:45 PM,2:27 AM,Waxing Gibbous,81,2024,5,Spring
,Finland,Helsinki,60.18,24.93,1716127200,24,75.2,Sunny,16.1,25.9,210,SSW,1011,29.85,0,0,31,0,25,76.9,10,6,5,24.6,39.5,191.9,110.2,2.6,1.3,6.1,7.2,1,1,4:31 AM,10:04 PM,4:58 PM,3:43 AM,Waxing Gibbous,81,2024,5,Spring
,France,Paris,48.87,2.33,1716127200,19,66.2,Light rain,2.2,3.6,24,NNE,1012,29.88,0.78,0.03,64,37,19,66.2,10,6,4,4.9,7.8,223.6,103,4.3,0.8,3.6,4,1,1,6:03 AM,9:32 PM,5:19 PM,4:19 AM,Waxing Gibbous,81,2024,5,Spring
,Gabon,Libreville,0.38,9.45,1716127200,31,87.8,Partly cloudy,6.9,11.2,230,SW,1008,29.77,0.91,0.04,75,25,38.9,102.1,10,6,6,11.5,18.4,634.2,97.3,5.5,7.6,27,33.4,2,3,6:14 AM,6:23 PM,3:23 PM,3:02 AM,Waxing Gibbous,81,2024,5,Spring
,Gambia,Banjul,13.45,-16.58,1716127200,33,91.4,Sunny,9.4,15.1,330,NNW,1011,29.85,0,0,34,0,40.5,104.9,10,6,7,23.2,37.4,188.6,85.8,0.3,1.1,12.4,42.6,1,2,6:39 AM,7:27 PM,4:15 PM,3:46 AM,Waxing Gibbous,81,2024,5,Spring
,Georgia,Tbilisi,41.73,44.79,1716127200,18,64.4,Partly cloudy,6.9,11.2,140,SE,1016,30,0.03,0,49,37,18,64.4,10,6,4,7.7,12.4,186.9,73.7,1.4,0.3,1,1.4,1,1,5:37 AM,8:18 PM,4:16 PM,3:30 AM,Waxing Gibbous,81,2024,5,Spring
,Germany,Berlin,52.52,13.4,1716127200,17,62.6,Moderate or heavy rain shower,9.4,15.1,190,S,1009,29.8,0.51,0.02,83,25,17,62.6,10,6,4,10.6,17.1,230.3,81.5,5.1,2.2,2.1,2.2,1,1,5:04 AM,9:03 PM,4:36 PM,3:33 AM,Waxing Gibbous,81,2024,5,Spring
,Ghana,Accra,5.55,-0.22,1716127200,30.2,86.3,Sunny,11,17.6,197,SSW,1009,29.8,0,0,67,9,34.7,94.5,10,6,8,13.1,21,333.8,41.1,0.9,1.3,2.8,5,1,1,5:46 AM,6:09 PM,3:05 PM,2:41 AM,Waxing Gibbous,81,2024,5,Spring
,Greece,Athens,37.98,23.72,1716127200,27,80.6,Sunny,8.1,13,80,E,1011,29.85,0,0,45,0,27.2,80.9,10,6,7,12.5,20.2,237,127.3,6,7.8,30.1,76.5,2,3,6:11 AM,8:32 PM,4:41 PM,3:56 AM,Waxing Gibbous,81,2024,5,Spring
,Grenada,Saint George's,12.05,-61.75,1716127200,30,86,Partly cloudy,17.4,28.1,130,SE,1015,29.97,0.02,0,75,25,36.3,97.3,10,6,6,17.8,28.7,280.4,30,0.9,0.7,2.3,7.8,1,1,5:42 AM,6:25 PM,3:21 PM,2:51 AM,Waxing Gibbous,81,2024,5,Spring
,Guatemala,Guatemala City,14.62,-90.53,1716127200,20,68,Partly cloudy,2.2,3.6,10,N,1022,30.18,0.47,0.02,88,50,20,68,10,6,5,4,6.5,934.6,32.9,8.1,16.5,54.3,92.5,3,7,5:34 AM,6:24 PM,3:22 PM,2:48 AM,Waxing Gibbous,81,2024,5,Spring
,Guinea,Conakry,9.51,-13.71,1716127200,26,78.8,Partly cloudy,4.3,6.8,300,WNW,1011,29.85,0,0,89,75,28.2,82.7,10,6,7,8.7,14,207,40.8,0.1,0.1,4.1,24.1,1,1,6:34 AM,7:09 PM,4:02 PM,3:36 AM,Waxing Gibbous,81,2024,5,Spring
,Guinea-Bissau,Bissau,11.85,-15.58,1716127200,35,95,Sunny,10.5,16.9,180,S,1012,29.88,0,0,35,0,39.5,103.2,8,4,8,15.3,24.6,227,61.5,0.1,0.5,15.2,77.7,1,2,6:38 AM,7:20 PM,4:11 PM,3:43 AM,Waxing Gibbous,81,2024,5,Spring
,Guyana,Georgetown,6.8,-58.17,1716127200,28,82.4,Partly cloudy,2.2,3.6,179,S,1015,29.97,1.8,0.07,84,75,34.6,94.2,10,6,6,8.5,13.6,330.5,18.1,7.9,3.8,2.2,2.9,1,1,5:36 AM,6:03 PM,3:04 PM,2:38 AM,Waxing Gibbous,81,2024,5,Spring
,Haiti,Port-Au-Prince,18.54,-72.34,1716127200,31,87.8,Partly cloudy,16.1,25.9,100,E,1015,29.97,0,0,66,25,33.7,92.6,9,5,8,20.6,33.1,500.7,100.1,3,5.1,7.6,13.8,1,1,6:14 AM,7:18 PM,4:08 PM,3:33 AM,Waxing Gibbous,81,2024,5,Spring
,Vatican City,Vatican City,41.9,12.45,1716127200,23,73.4,Partly cloudy,8.1,13,220,SW,1011,29.85,0,0,73,50,24.7,76.5,6,3,7,11.6,18.6,267,62.2,4.1,0.3,15,15.2,1,2,5:46 AM,8:28 PM,4:30 PM,3:41 AM,Waxing Gibbous,81,2024,5,Spring
,Honduras,Tegucigalpa,14.1,-87.22,1716128100,25,77,Overcast,2.2,3.6,10,N,1020,30.12,0,0,69,25,26.4,79.6,8,4,7,4.1,6.6,587.5,26.1,7.8,1.3,17.1,24.4,2,2,5:21 AM,6:10 PM,3:08 PM,2:35 AM,Waxing Gibbous,81,2024,5,Spring
,Hungary,Budapest,47.5,19.08,1716127200,23,73.4,Partly cloudy,9.4,15.1,130,SE,1011,29.85,2.09,0.08,61,25,24.9,76.9,10,6,5,13.9,22.3,213.6,94.4,6.9,7.1,11.9,13.3,1,1,5:02 AM,8:19 PM,4:07 PM,3:12 AM,Waxing Gibbous,81,2024,5,Spring
,Iceland,Grindavik,63.83,-22.43,1716128100,4,39.2,Light rain,28.6,46.1,60,ENE,1007,29.74,1,0.04,87,100,-2.3,27.9,8,4,1,36.9,59.4,230.3,82.3,0.4,1.7,0.5,0.5,1,1,4:05 AM,10:50 PM,5:26 PM,3:48 AM,Waxing Gibbous,81,2024,5,Spring
,India,New Delhi,28.6,77.2,1716128100,41,105.8,Mist,6.9,11.2,290,WNW,999,29.5,0,0,14,0,41.4,106.6,4,2,1,13.1,21.1,527.4,113,12.7,11.7,31.7,55,2,3,5:28 AM,7:08 PM,3:24 PM,2:51 AM,Waxing Gibbous,81,2024,5,Spring
,Indonesia,Jakarta,-6.21,106.85,1716128100,30,86,Partly cloudy,9.4,15.1,70,ENE,1008,29.77,0.22,0.01,75,50,36,96.8,8,4,1,13.9,22.3,11322,0,159,59.1,244.7,319,5,10,5:55 AM,5:44 PM,2:41 PM,2:22 AM,Waxing Gibbous,81,2024,5,Spring
,Iran,Tehran,35.73,51.33,1716128100,24,75.2,Partly cloudy,13.6,22,170,S,1013,29.91,0,0,19,50,23.2,73.7,10,6,6,18.1,29.2,574.1,42.6,87.1,35.8,8.4,10.1,1,1,4:56 AM,7:06 PM,3:15 PM,2:34 AM,Waxing Gibbous,81,2024,5,Spring
,Iraq,Baghdad,33.34,44.39,1716128100,38,100.4,Sunny,6.9,11.2,300,WNW,1005,29.68,0,0,16,0,37.1,98.7,10,6,9,15,24.2,280.4,133,6.9,3.1,17.2,36.4,2,2,5:00 AM,6:59 PM,3:13 PM,2:33 AM,Waxing Gibbous,81,2024,5,Spring
,Ireland,Dublin,53.33,-6.25,1716127200,18,64.4,Partly cloudy,9.4,15.1,60,ENE,1018,30.06,0,0,64,75,18,64.4,10,6,5,13.9,22.3,191.9,100.1,4,3,5.6,7,1,1,5:19 AM,9:26 PM,5:00 PM,3:52 AM,Waxing Gibbous,81,2024,5,Spring
,Israel,Jerusalem,31.78,35.23,1716128100,29,84.2,Sunny,11.9,19.1,330,NNW,1011,29.85,0,0,35,0,27.7,81.8,10,6,7,23.8,38.3,205.3,94.4,4.4,1.1,17.4,70.6,2,2,5:40 AM,7:32 PM,3:50 PM,3:11 AM,Waxing Gibbous,81,2024,5,Spring
,Italy,Rome,41.9,12.48,1716127200,23,73.4,Partly cloudy,8.1,13,220,SW,1011,29.85,0,0,73,50,24.7,76.5,6,3,7,11.6,18.6,267,62.2,4.1,0.3,15,15.2,1,2,5:46 AM,8:28 PM,4:30 PM,3:41 AM,Waxing Gibbous,81,2024,5,Spring
,Jamaica,Norman Gardens,17.97,-76.75,1716128100,30,86,Partly cloudy,2.2,3.6,160,SSE,1014,29.94,0,0,66,25,31.8,89.2,10,6,8,3.9,6.2,1028.1,83,14.2,6.9,19.5,26,2,2,5:33 AM,6:34 PM,3:27 PM,2:51 AM,Waxing Gibbous,81,2024,5,Spring
,Japan,Tokyo,35.69,139.69,1716127200,19.2,66.6,Light rain,5.6,9,280,W,1018,30.06,1.07,0.04,76,100,19.2,66.6,9.7,6,1,8.6,13.9,460.6,54.4,73.3,26.2,96.3,101.4,4,10,4:33 AM,6:42 PM,2:37 PM,2:06 AM,Waxing Gibbous,81,2024,5,Spring
,Jordan,Amman,31.95,35.93,1716127200,29,84.2,Mist,12.5,20.2,300,WNW,1014,29.94,0,0,25,0,27.4,81.4,4,2,7,18.6,30,205.3,104.4,2.9,1.4,18.7,67.7,2,2,5:37 AM,7:30 PM,3:47 PM,3:08 AM,Waxing Gibbous,81,2024,5,Spring
,Kazakhstan,Astana,51.18,71.43,1716127200,16,60.8,Partly cloudy,18.6,29.9,220,SW,1006,29.71,0.04,0,55,75,16,60.8,10,6,4,23.4,37.7,230.3,60.8,7.9,14.1,3.8,4.1,1,1,4:18 AM,8:05 PM,3:32 PM,2:40 AM,Waxing Gibbous,81,2024,5,Spring
,Kenya,Nairobi,-1.28,36.82,1716127200,21,69.8,Partly cloudy,13.6,22,340,NNW,1019,30.09,1.16,0.05,73,62,21,69.8,10,6,6,18.1,29.2,534.1,38.6,5.8,4.9,10.8,21.6,1,1,6:27 AM,6:31 PM,3:30 PM,3:10 AM,Waxing Gibbous,81,2024,5,Spring
,Kiribati,Tarawa,-0.88,169.53,1716128100,29.4,84.8,Patchy rain nearby,16.1,25.9,90,E,1007,29.73,0.03,0,77,56,34.8,94.7,10,6,1,21.9,35.3,212,14.8,0,0.1,1.2,4.9,1,1,6:36 AM,6:40 PM,3:25 PM,3:05 AM,Waxing Gibbous,81,2024,5,Spring
,Kuwait,Kuwait City,29.37,47.96,1716128100,39.2,102.6,Sunny,12.5,20.2,350,N,1004,29.65,0,0,12,0,40,103.9,16,9,9,30.2,48.6,201.9,128.8,3.4,1.7,18.3,85.9,2,2,4:54 AM,6:36 PM,2:56 PM,2:19 AM,Waxing Gibbous,81,2024,5,Spring
,Kyrghyzstan,Bishkek,42.87,74.6,1716127200,15.5,59.8,Partly Cloudy,4.3,6.8,162,SSE,1018,30.07,0,0,76,60,15.5,59.8,10,6,5,5.5,8.9,201.9,85.1,0.7,0.3,1.2,2.4,1,1,5:35 AM,8:22 PM,4:12 PM,3:29 AM,Waxing Gibbous,81,2024,5,Spring
,Indonesia,Laos,-8.18,114.32,1716128100,21.6,71,Patchy rain nearby,3.6,5.8,163,SSE,1011,29.85,0.12,0,93,66,21.7,71,10,6,1,6.9,11.2,620.8,8.1,7.2,1.1,10.6,15,1,1,5:28 AM,5:11 PM,2:10 PM,1:52 AM,Waxing Gibbous,81,2024,5,Spring
,Latvia,Riga,56.95,24.1,1716127200,22,71.6,Moderate or heavy rain with thunder,2.2,3.6,54,NE,1012,29.88,0.4,0.02,57,25,24.3,75.7,10,6,5,3.3,5.4,220.3,83.7,5.8,1.7,3,3.7,1,1,4:57 AM,9:44 PM,4:57 PM,3:48 AM,Waxing Gibbous,81,2024,5,Spring
,Lebanon,Beirut,33.87,35.51,1716128100,26,78.8,Sunny,5.6,9,280,W,1013,29.91,0,0,51,0,26.7,80,8,4,6,10.1,16.2,208.6,91.6,0.9,3.7,11.6,71.9,1,1,5:34 AM,7:36 PM,3:50 PM,3:09 AM,Waxing Gibbous,81,2024,5,Spring
,Lesotho,Maseru,-29.32,27.48,1716128100,22.1,71.8,Sunny,7.2,11.5,232,SW,1020,30.12,0,0,21,2,22.2,72,10,6,7,8.2,13.2,230.3,55.8,1.1,0.9,11.1,25.6,1,1,6:49 AM,5:24 PM,2:57 PM,2:53 AM,Waxing Gibbous,81,2024,5,Spring
,Liberia,Monrovia,6.31,-10.8,1716128100,31,87.8,Partly cloudy,13.6,22,220,SW,1010,29.83,0.03,0,71,75,37.6,99.6,10,6,6,18.1,29.2,267,42.2,0.2,0.1,0.7,2.5,1,1,6:27 AM,6:52 PM,3:49 PM,3:24 AM,Waxing Gibbous,81,2024,5,Spring
,Thailand,Nan,18.78,100.78,1716128100,31,87.8,Partly cloudy,2.2,3.6,10,N,1002,29.59,0.11,0,79,25,44.5,112.1,10,6,1,8.2,13.2,347.1,6.6,2.6,0.6,4,5.1,1,1,5:42 AM,6:45 PM,3:13 PM,2:45 AM,Waxing Gibbous,81,2024,5,Spring
,Liechtenstein,Vaduz,47.13,9.52,1716128100,19,66.2,Sunny,2.2,3.6,344,NNW,1011,29.85,1,0.04,60,0,19,66.2,10,6,3,5.7,9.1,180.2,90.8,0.4,0.1,1.2,1.3,1,1,5:41 AM,8:56 PM,4:47 PM,3:51 AM,Waxing Gibbous,81,2024,5,Spring
,Lithuania,Vilnius,54.68,25.32,1716128100,22,71.6,Partly cloudy,8.1,13,50,NE,1014,29.94,0.77,0.03,46,25,24.6,76.2,10,6,5,11.4,18.4,188.6,98.7,1.5,1.3,2.8,3.1,1,1,5:06 AM,9:26 PM,4:48 PM,3:44 AM,Waxing Gibbous,81,2024,5,Spring
,Luxembourg,Luxembourg,49.61,6.13,1716127200,19,66.2,Overcast,9.4,15.1,230,SW,1010,29.82,0.12,0,60,0,19,66.2,10,6,4,10.8,17.4,195.3,110.2,2.4,0.4,4,4.2,1,1,5:46 AM,9:20 PM,5:04 PM,4:03 AM,Waxing Gibbous,81,2024,5,Spring
,Madagascar,Antananarivo,-18.92,47.52,1716128100,22,71.6,Partly cloudy,11.9,19.1,120,ESE,1020,30.12,0,0,65,75,24.6,76.2,10,6,6,12,19.4,400.5,36.1,2.1,2,4.2,9.7,1,1,6:11 AM,5:22 PM,2:40 PM,2:28 AM,Waxing Gibbous,81,2024,5,Spring
,Malawi,Lilongwe,-13.98,33.78,1716128100,22,71.6,Light rain shower,8.1,13,94,E,1016,30.01,0.24,0.01,59,65,22,71.6,10,6,6,10.8,17.4,227,43.3,0.3,0.4,1,2.1,1,1,5:58 AM,5:25 PM,2:38 PM,2:24 AM,Waxing Gibbous,81,2024,5,Spring
,Malaysia,Kuala Lumpur,3.17,101.7,1716127200,29,84.2,Partly cloudy,2.2,3.6,81,E,1006,29.71,0,0,84,25,37,98.6,10,6,1,5.8,9.4,5447.4,0,50.7,51,70.8,85.3,4,9,7:02 AM,7:18 PM,4:05 PM,3:43 AM,Waxing Gibbous,81,2024,5,Spring
,Maldives,Felidhoo,3.48,73.53,1716128100,28.8,83.9,Light rain shower,25.1,40.3,274,W,1008,29.76,1.02,0.04,80,100,34.2,93.5,10,6,1,36.8,59.3,213.6,32.9,0,0.1,1.9,5.3,1,1,5:54 AM,6:11 PM,3:01 PM,2:38 AM,Waxing Gibbous,81,2024,5,Spring
,Mali,Bamako,12.65,-8,1716128100,36,96.8,Sunny,4.3,6.8,180,S,1010,29.83,0,0,39,0,35,95,10,6,10,7.2,11.6,323.8,20.2,0.2,0.1,8.7,36.4,1,1,6:06 AM,6:51 PM,3:40 PM,3:11 AM,Waxing Gibbous,81,2024,5,Spring
,Malta,Valletta,35.9,14.51,1716127200,24,75.2,Sunny,16.1,25.9,30,NNE,1012,29.88,0.13,0.01,65,0,26.1,78.9,7,4,5,32.3,52,217,87.3,2.4,2.7,47.2,163.1,3,5,5:53 AM,8:04 PM,4:18 PM,3:34 AM,Waxing Gibbous,81,2024,5,Spring
,Marshall Islands,Majuro,7.1,171.38,1716128100,28.1,82.6,Light rain shower,21.5,34.6,103,ESE,1008,29.76,0.85,0.03,81,61,32.7,90.9,10,6,1,33.5,54,180.2,11.6,0,0.1,1,2.7,1,1,6:17 AM,6:45 PM,3:19 PM,2:57 AM,Waxing Gibbous,81,2024,5,Spring
,Mauritania,Nouakchott,18.09,-15.98,1716127200,26.2,79.1,Sunny,16.3,26.3,310,NW,1011,29.84,0,0,52,8,26.9,80.5,10,6,7,34.3,55.2,183.6,50.8,0.2,0.4,13.2,69.3,1,2,6:29 AM,7:32 PM,4:15 PM,3:43 AM,Waxing Gibbous,81,2024,5,Spring
,Mauritius,Port Louis,-20.16,57.5,1716128100,24,75.2,Partly cloudy,2.2,3.6,125,SE,1015,29.97,0,0,78,25,25.6,78.1,10,6,1,10.7,17.2,257,72.2,3.8,3.1,4.6,13.5,1,1,6:33 AM,5:40 PM,2:59 PM,2:47 AM,Waxing Gibbous,81,2024,5,Spring
,Mexico,Mexico City,19.43,-99.13,1716128100,19,66.2,Partly cloudy,6.9,11.2,320,NW,1028,30.36,0,0,60,25,19,66.2,8,4,5,11.4,18.4,627.5,3.7,31.2,25.8,21.7,27.4,2,2,6:00 AM,7:07 PM,4:00 PM,3:22 AM,Waxing Gibbous,81,2024,5,Spring
,Micronesia,Palikir,6.92,158.15,1716128100,26,78.8,Overcast,4.3,6.8,130,SE,1009,29.79,0,0,89,100,28.5,83.3,24,14,1,23.3,37.5,180.2,29,0,0.1,2.3,5.6,1,1,6:10 AM,6:37 PM,3:13 PM,2:51 AM,Waxing Gibbous,81,2024,5,Spring
,Iran,Chi Chi Khvar,36.26,46.59,1716128100,20.2,68.3,Sunny,21.9,35.3,249,WSW,1009,29.79,0,0,41,9,20.2,68.3,10,6,6,25.2,40.6,175.2,110.2,0.7,0.2,1.7,2.6,1,1,5:14 AM,7:27 PM,3:35 PM,2:54 AM,Waxing Gibbous,81,2024,5,Spring
,Monaco,Monaco,43.73,7.42,1716128100,21,69.8,Partly cloudy,4.3,6.8,130,SE,1011,29.85,0,0,73,75,21,69.8,10,6,5,9.1,14.7,196.9,98.7,0.7,0.4,7,24.5,1,1,6:01 AM,8:54 PM,4:53 PM,4:01 AM,Waxing Gibbous,81,2024,5,Spring
,Mongolia,Ulaanbaatar,47.92,106.92,1716128100,15,59,Partly cloudy,2.2,3.6,138,SE,1013,29.91,0.2,0.01,29,50,15.8,60.4,10,6,1,3.7,5.9,208.6,75.1,6.1,15.7,5,15.2,1,1,5:09 AM,8:29 PM,4:00 PM,3:18 AM,Waxing Gibbous,81,2024,5,Spring
,Montenegro,Podgorica,42.44,19.26,1716128100,24,75.2,Partly cloudy,5.6,9,250,WSW,1011,29.85,0,0,74,50,25.7,78.3,10,6,5,10.1,16.2,212,66.5,0.9,0.5,11.4,30.7,1,1,5:17 AM,8:02 PM,4:03 PM,3:13 AM,Waxing Gibbous,81,2024,5,Spring
,Morocco,Rabat,34.03,-6.84,1716128100,20,68,Partly cloudy,9.4,15.1,300,WNW,1014,29.94,0,0,56,50,20,68,5,3,5,14.9,24,185.3,95.8,0.3,0.7,1.6,5.1,1,1,6:23 AM,8:25 PM,4:46 PM,4:01 AM,Waxing Gibbous,81,2024,5,Spring
,Mozambique,Maputo,-25.97,32.59,1716128100,25,77,Partly cloudy,10.5,16.9,110,ESE,1020,30.12,0,0,74,25,26.7,80,10,6,7,13,20.9,387.2,47.9,1.2,1.2,6,23,1,1,6:22 AM,5:10 PM,2:38 PM,2:31 AM,Waxing Gibbous,81,2024,5,Spring
,Myanmar,Pathein,16.78,94.73,1716128100,30.1,86.1,Clear,8.7,14,263,W,1004,29.64,0,0,71,8,35.4,95.7,10,6,1,12.1,19.5,270.4,22,0.2,0.1,1,3.3,1,1,5:39 AM,6:36 PM,3:07 PM,2:40 AM,Waxing Gibbous,81,2024,5,Spring
,Namibia,Windhoek,-22.57,17.08,1716128100,26,78.8,Sunny,10.5,16.9,60,ENE,1026,30.3,0,0,16,0,24.5,76,10,6,7,13.6,22,213.6,72.2,0.2,2.4,8,12.1,1,1,7:19 AM,6:17 PM,3:43 PM,3:35 AM,Waxing Gibbous,81,2024,5,Spring
,Turkey,Yaren,39.55,27.62,1716127200,25,77,Sunny,6.9,11.2,360,N,1011,29.85,0,0,57,0,26.7,80,10,6,5,18.4,29.6,210.3,135.9,1.2,4,16.1,24.9,2,2,5:52 AM,8:21 PM,4:26 PM,3:40 AM,Waxing Gibbous,81,2024,5,Spring
,Nepal,Kathmandu,27.72,85.32,1716128100,25,77,Partly cloudy,2.2,3.6,84,E,1010,29.83,0,0,65,50,25.7,78.2,7,4,1,8.5,13.6,754.4,54.4,14.2,3.9,43.3,75.4,3,5,5:13 AM,6:48 PM,3:05 PM,2:32 AM,Waxing Gibbous,81,2024,5,Spring
,Netherlands,Amsterdam,52.37,4.89,1716127200,22,71.6,Partly cloudy,12.5,20.2,30,NNE,1011,29.85,0,0,57,25,24.5,76.1,10,6,5,15.6,25.1,201.9,110.2,3.2,1.1,6.4,7.5,1,1,5:39 AM,9:37 PM,5:12 PM,4:07 AM,Waxing Gibbous,81,2024,5,Spring
,New Zealand,Wellington,-41.3,174.78,1716128100,8,46.4,Clear,5.6,9,10,N,1018,30.06,0,0,93,0,7.9,46.2,10,6,1,10.1,16.2,283.7,21.3,19.4,8.7,7.5,10.3,1,1,7:26 AM,5:08 PM,2:54 PM,2:42 AM,Waxing Gibbous,81,2024,5,Spring
,Nicaragua,Managua,12.15,-86.27,1716128100,31,87.8,Partly cloudy,6.9,11.2,70,ENE,1012,29.87,0,0,63,25,38.1,100.6,10,6,7,11.1,17.8,330.5,30.4,2,3.3,2.1,4.6,1,1,5:20 AM,6:03 PM,3:03 PM,2:32 AM,Waxing Gibbous,81,2024,5,Spring
,Niger,Niamey,13.52,2.12,1716128100,42.7,108.9,Sunny,4,6.5,123,ESE,1004,29.66,0,0,15,4,44.2,111.5,10,6,10,4.6,7.5,307.1,48.6,0.5,0.7,42.9,206.1,3,5,6:24 AM,7:12 PM,3:59 PM,3:30 AM,Waxing Gibbous,81,2024,5,Spring
,Nigeria,Abuja,9.18,7.18,1716128100,39.4,103,Sunny,2.5,4,75,ENE,1006,29.7,0,0,20,11,39.1,102.3,10,6,9,2.8,4.6,357.2,47.2,0.2,0.1,10.7,40.7,1,1,6:11 AM,6:45 PM,3:36 PM,3:10 AM,Waxing Gibbous,81,2024,5,Spring
,North Korea,Pyongyang,39.02,125.75,1716128100,18.7,65.7,Partly Cloudy,3.1,5,263,W,1014,29.96,0,0,66,49,18.7,65.7,10,6,1,4.6,7.4,243.7,94.4,2.6,4.1,26.8,35.6,2,3,5:21 AM,7:47 PM,3:37 PM,3:02 AM,Waxing Gibbous,81,2024,5,Spring
,Macedonia,Skopje,42,21.43,1716128100,25,77,Partly cloudy,4.3,6.8,140,SE,1013,29.91,0.05,0,65,50,26.3,79.4,10,6,5,8.7,14,212,83,1.5,3,8.7,20.5,1,1,5:10 AM,7:53 PM,3:53 PM,3:04 AM,Waxing Gibbous,81,2024,5,Spring
,Norway,Oslo,59.92,10.75,1716128100,23,73.4,Sunny,5.6,9,310,NW,1011,29.85,0,0,31,0,23.6,74.5,10,6,6,11.8,19,180.2,113,1.6,1.9,3.6,3.9,1,1,4:30 AM,9:59 PM,4:57 PM,3:40 AM,Waxing Gibbous,81,2024,5,Spring
,Oman,Muscat,23.61,58.59,1716128100,36,96.8,Sunny,9.4,15.1,50,NE,1001,29.56,0,0,35,0,41.4,106.6,10,6,8,13.9,22.3,205.3,127.3,0.9,1.8,33.2,89.4,2,3,5:22 AM,6:42 PM,3:09 PM,2:37 AM,Waxing Gibbous,81,2024,5,Spring
,Pakistan,Islamabad,33.7,73.17,1716128100,32.1,89.8,Sunny,4,6.5,353,N,1001,29.56,0,0,29,3,31.2,88.1,10,6,8,6.3,10.1,1335.1,70.1,67.9,4,20.8,35.6,2,2,5:04 AM,7:04 PM,3:13 PM,2:36 AM,Waxing Gibbous,81,2024,5,Spring
,Palau,Meyungs,7.35,134.45,1716128100,28,82.4,Partly cloudy,4.3,6.8,40,NE,1009,29.79,0.15,0.01,84,75,32.4,90.2,23,14,1,16,25.7,173.6,34,0.1,0.1,0.8,2.5,1,1,5:45 AM,6:13 PM,2:51 PM,2:28 AM,Waxing Gibbous,81,2024,5,Spring
,Bolivia,National,-11.18,-67.08,1716128100,29.5,85.1,Partly Cloudy,4.5,7.2,145,SE,1016,30,0,0,61,57,32.4,90.4,10,6,8,5.1,8.3,213.6,1.6,0,0,0.6,0.6,1,1,6:37 AM,6:12 PM,3:32 PM,3:20 AM,Waxing Gibbous,81,2024,5,Spring
,Panama,Panama City,8.97,-79.53,1716128100,29,84.2,Partly cloudy,10.5,16.9,310,NW,1010,29.83,0.22,0.01,89,25,35.3,95.5,9,5,6,15,24.1,514,4.1,14.7,16.7,6.7,7.9,1,1,5:58 AM,6:31 PM,3:33 PM,3:05 AM,Waxing Gibbous,81,2024,5,Spring
,Papua New Guinea,Port Moresby,-9.46,147.19,1716128100,26,78.8,Partly cloudy,11.9,19.1,130,SE,1008,29.77,0,0,79,50,29.2,84.5,10,6,1,21.7,34.8,217,24,4.3,3.9,2.3,3.4,1,1,6:18 AM,5:58 PM,2:55 PM,2:36 AM,Waxing Gibbous,81,2024,5,Spring
,Paraguay,Pasto,-19.45,-61.15,1716128100,15.2,59.4,Overcast,7.2,11.5,166,SSE,1024,30.25,0,0,68,100,15.2,59.4,10,6,5,8.9,14.4,227,37.6,0.1,0.1,4,4.5,1,1,6:27 AM,5:36 PM,3:04 PM,2:57 AM,Waxing Gibbous,81,2024,5,Spring
,Peru,Lima,-12.05,-77.05,1716128100,18.9,66,Partly Cloudy,4.9,7.9,295,WNW,1014,29.96,0,0,83,40,18.9,66,10,6,6,5.8,9.3,310.4,34.7,9.1,4.8,6.1,17.9,1,1,6:19 AM,5:51 PM,3:13 PM,3:01 AM,Waxing Gibbous,81,2024,5,Spring
,Philippines,Manila,14.6,120.98,1716128100,30,86,Partly cloudy,2.2,3.6,10,N,1009,29.8,0.62,0.02,84,75,35.3,95.5,9,5,1,6.7,10.8,1014.7,47.2,30.5,14,33.3,50.1,2,3,5:28 AM,6:18 PM,2:48 PM,2:23 AM,Waxing Gibbous,81,2024,5,Spring
,Poland,Warsaw,52.25,21,1716127200,23,73.4,Sunny,9.4,15.1,110,ESE,1011,29.85,0,0,31,0,24.2,75.6,10,6,6,13.9,22.3,227,88.7,9.3,8,2.9,3.4,1,1,4:34 AM,8:31 PM,4:04 PM,3:02 AM,Waxing Gibbous,81,2024,5,Spring
,Portugal,Lisbon,38.72,-9.13,1716128100,20,68,Partly cloudy,11.9,19.1,310,NW,1013,29.91,0,0,53,50,20,68,10,6,5,18.8,30.2,181.9,105.9,1.2,1,1.4,2.5,1,1,6:21 AM,8:46 PM,4:58 PM,4:09 AM,Waxing Gibbous,81,2024,5,Spring
,Qatar,Doha,25.29,51.53,1716128100,36,96.8,Sunny,15,24.1,330,NNW,1004,29.65,0,0,18,0,35.9,96.6,10,6,8,31,50,257,168.8,8.1,7.3,20.1,51,2,2,4:47 AM,6:14 PM,2:39 PM,2:06 AM,Waxing Gibbous,81,2024,5,Spring
,Romania,Bucharest,44.43,26.1,1716128100,21,69.8,Sunny,5.6,9,90,E,1015,29.97,0.01,0,56,0,21,69.8,10,6,5,10.8,17.5,210.3,101.6,2.4,1.1,6.3,9.1,1,1,5:44 AM,8:41 PM,4:35 PM,3:45 AM,Waxing Gibbous,81,2024,5,Spring
,Russia,Moscow,55.75,37.62,1716127200,19,66.2,Sunny,6.9,11.2,110,ESE,1018,30.06,0,0,37,0,19,66.2,10,6,5,9.3,15,270.4,41.1,52.8,26.7,2.7,4.6,1,1,4:10 AM,8:43 PM,3:58 PM,2:54 AM,Waxing Gibbous,81,2024,5,Spring
,Rwanda,Kigali,-1.95,30.06,1716128100,28,82.4,Partly cloudy,5.6,9,90,E,1017,30.03,1.16,0.05,45,50,33,91.4,10,6,6,10.1,16.2,273.7,37.2,0.4,0.5,5.4,7.2,1,1,5:56 AM,5:57 PM,2:57 PM,2:38 AM,Waxing Gibbous,81,2024,5,Spring
,Saint Kitts and Nevis,Basseterre,17.3,-62.72,1716128100,30,86,Partly cloudy,12.5,20.2,60,ENE,1017,30.03,0.35,0.01,79,25,36.7,98,10,6,6,17.1,27.6,293.7,30.8,0.5,0.7,2,8.1,1,1,5:38 AM,6:37 PM,3:28 PM,2:54 AM,Waxing Gibbous,81,2024,5,Spring
,Saint Lucia,Castries,14,-61,1716128100,31,87.8,Partly cloudy,12.5,20.2,100,E,1016,30,0.01,0,71,50,37.3,99.2,10,6,6,16.5,26.5,323.8,19.9,0.1,0.2,2.2,11.4,1,1,5:36 AM,6:25 PM,3:19 PM,2:48 AM,Waxing Gibbous,81,2024,5,Spring
,Saint Vincent and the Grenadines,Kingstown,13.13,-61.22,1716128100,32,89.6,Partly cloudy,18.6,29.9,100,E,1016,30,0.04,0,67,25,44,111.1,10,6,6,22.8,36.6,227,29.3,0.1,0.1,2.2,7.4,1,1,5:39 AM,6:24 PM,3:20 PM,2:49 AM,Waxing Gibbous,81,2024,5,Spring
,Samoa,Apia,-13.83,-171.73,1716128100,28,82.4,Partly cloudy,8.1,13,100,E,1010,29.83,0.01,0,84,25,31.5,88.7,10,6,1,27.1,43.6,212,32.2,0.3,0.3,3.7,15.9,1,1,6:40 AM,6:07 PM,3:06 PM,2:47 AM,Waxing Gibbous,81,2024,5,Spring
,San Marino,San Marino,43.93,12.45,1716128100,20,68,Sunny,5.6,9,90,E,1011,29.85,0.05,0,83,0,20,68,7,4,4,13.5,21.7,210.3,110.2,1.1,0.9,22,33.9,2,2,5:40 AM,8:34 PM,4:32 PM,3:40 AM,Waxing Gibbous,81,2024,5,Spring
,Belgium,'S Gravenstaffel,50.88,2.98,1716128100,15,59,Partly cloudy,8.1,13,310,NW,1013,29.91,0,0,88,75,13.7,56.7,7,4,5,15,24.1,198.6,118.7,1.2,1.3,9.5,12.1,1,1,5:53 AM,9:38 PM,5:18 PM,4:15 AM,Waxing Gibbous,81,2024,5,Spring
,Saudi Arabia,Riyadh,24.64,46.77,1716128100,36,96.8,Sunny,10.5,16.9,360,N,1010,29.83,0,0,8,0,34.4,94,10,6,9,17,27.4,213.6,104.4,15.1,22.4,18.6,89.2,2,2,5:07 AM,6:32 PM,2:59 PM,2:25 AM,Waxing Gibbous,81,2024,5,Spring
,Senegal,Dakar,14.67,-17.44,1716128100,26,78.8,Sunny,16.1,25.9,340,NNW,1012,29.88,0,0,74,0,28.2,82.8,10,6,6,20.6,33.2,166.9,85.1,0.5,1.1,8.3,33.8,1,1,6:41 AM,7:32 PM,4:19 PM,3:50 AM,Waxing Gibbous,81,2024,5,Spring
,Serbia,Belgrade,44.8,20.47,1716128100,27,80.6,Sunny,13.6,22,150,SSE,1011,29.85,0.09,0,48,0,28.3,83,10,6,5,18.1,29.2,198.6,121.6,1.1,10,8.9,13.8,1,1,5:05 AM,8:05 PM,3:59 PM,3:08 AM,Waxing Gibbous,81,2024,5,Spring
,Seychelles Islands,Victoria,-4.62,55.45,1716128100,29,84.2,Partly cloudy,8.1,13,140,SE,1008,29.77,0,0,79,25,33.5,92.2,10,6,8,12.5,20.2,270.4,18.1,0.6,0.6,1.8,3.1,1,1,6:18 AM,6:11 PM,3:12 PM,2:54 AM,Waxing Gibbous,81,2024,5,Spring
,Sierra Leone,Freetown,8.49,-13.23,1716128100,30,86.1,Patchy rain nearby,3.4,5.4,305,NW,1010,29.83,0.01,0,68,78,34.7,94.5,10,6,7,3.9,6.2,327.1,30,0.2,0,1,1.6,1,1,6:33 AM,7:06 PM,4:00 PM,3:34 AM,Waxing Gibbous,81,2024,5,Spring
,Singapore,Singapore,1.29,103.86,1716128100,29,84.2,Partly cloudy,6.9,11.2,140,SE,1007,29.74,0.35,0.01,79,75,34.4,93.8,10,6,1,15.8,25.5,1121.5,0,31.2,31,9.6,12.3,1,1,6:56 AM,7:07 PM,3:55 PM,3:34 AM,Waxing Gibbous,81,2024,5,Spring
,Slovakia,Bratislava,48.15,17.12,1716128100,23,73.4,Partly cloudy,3.8,6.1,40,NE,1011,29.85,0,0,57,50,24.8,76.7,10,6,6,8.3,13.3,193.6,114.4,1.4,1.2,5.6,6.4,1,1,5:07 AM,8:30 PM,4:16 PM,3:20 AM,Waxing Gibbous,81,2024,5,Spring
,Slovenia,Ljubljana,46.06,14.51,1716128100,22,71.6,Partly cloudy,5.6,9,120,ESE,1012,29.88,0,0,69,25,24.5,76,10,6,6,9,14.5,193.6,100.1,0.9,0.3,4.9,7.9,1,1,5:25 AM,8:33 PM,4:25 PM,3:31 AM,Waxing Gibbous,81,2024,5,Spring
,Solomon Islands,Honiara,-9.43,159.95,1716128100,25,77,Partly cloudy,2.2,3.6,10,N,1008,29.77,13.05,0.51,94,75,28.4,83,10,6,1,3.7,6,217,24.7,0.6,0.3,0.5,0.6,1,1,6:27 AM,6:06 PM,3:02 PM,2:44 AM,Waxing Gibbous,81,2024,5,Spring
,Somalia,Mogadishu,2.07,45.37,1716128100,30,86,Partly cloudy,16.1,25.9,200,SSW,1008,29.77,0,0,84,25,36.1,97.1,10,6,7,26.2,42.1,243.7,30.4,0.1,0.2,3.5,15.4,1,1,5:49 AM,6:02 PM,2:56 PM,2:34 AM,Waxing Gibbous,81,2024,5,Spring
,South Africa,Pretoria,-25.75,28.19,1716128100,24,75.2,Sunny,8.1,13,300,WNW,1026,30.3,0,0,29,0,23.2,73.7,10,6,7,12.5,20.2,474,94.4,4.6,14.9,39.8,51.1,2,4,6:40 AM,5:28 PM,2:56 PM,2:49 AM,Waxing Gibbous,81,2024,5,Spring
,South Korea,Seoul,37.57,127,1716128100,18,64.4,Clear,2.5,4,160,SSE,1014,29.94,0,0,77,0,18,64.4,10,6,1,4.6,7.4,640.9,0,59.6,16.2,32.3,42.7,2,3,5:20 AM,7:38 PM,3:31 PM,2:57 AM,Waxing Gibbous,81,2024,5,Spring
,Sudan,Juba,12.15,24.45,1716128100,40.3,104.5,Sunny,6,9.7,78,ENE,1004,29.66,0,0,7,0,40.4,104.7,10,6,10,7,11.2,190.3,70.1,0.1,0.2,22.6,95.3,2,2,5:57 AM,6:40 PM,3:26 PM,2:59 AM,Waxing Gibbous,81,2024,5,Spring
,Spain,Madrid,40.4,-3.68,1716128100,20,68,Partly cloudy,13.6,22,250,WSW,1009,29.8,0,0,35,50,20,68,10,6,4,15.2,24.4,176.9,85.8,1.7,0.1,0.5,0.7,1,1,6:55 AM,9:29 PM,5:37 PM,4:47 AM,Waxing Gibbous,81,2024,5,Spring
,Sri Lanka,Colombo,6.93,79.85,1716128100,26.9,80.5,Light rain,11.9,19.1,266,W,1006,29.7,1.33,0.05,86,82,30.9,87.7,9,5,1,17.7,28.5,280.4,41.5,6.6,2.7,1.8,3.4,1,1,5:54 AM,6:21 PM,3:06 PM,2:42 AM,Waxing Gibbous,81,2024,5,Spring
,Sudan,Khartoum,15.59,32.53,1716128100,44.1,111.3,Sunny,4.7,7.6,7,N,1001,29.55,0,0,9,11,46.4,115.5,10,6,10,5.4,8.7,212,89.4,0.7,0.7,19.3,79,2,2,5:20 AM,6:13 PM,2:54 PM,2:25 AM,Waxing Gibbous,81,2024,5,Spring
,Suriname,Paramaribo,5.83,-55.17,1716128100,27.5,81.5,Patchy rain nearby,5.6,9,139,SE,1014,29.96,0.04,0,79,78,31.1,88,10,6,6,6.6,10.5,207,25.8,1.3,1.1,0.7,1,1,1,6:25 AM,6:49 PM,3:51 PM,3:26 AM,Waxing Gibbous,81,2024,5,Spring
,Sweden,Stockholm,59.33,18.05,1716127200,23,73.4,Sunny,13.6,22,200,SSW,1010,29.83,0,0,31,0,24.2,75.5,10,6,6,14.5,23.3,201.9,100.1,5.7,6.4,3,3.8,1,1,4:05 AM,9:25 PM,4:25 PM,3:11 AM,Waxing Gibbous,81,2024,5,Spring
,Switzerland,Bern,46.92,7.47,1716128100,21,69.8,Partly cloudy,4.3,6.8,270,W,1011,29.85,0.17,0.01,56,75,21,69.8,10,6,4,6,9.7,181.9,101.6,1.2,0.7,1.7,1.9,1,1,5:50 AM,9:04 PM,4:56 PM,3:59 AM,Waxing Gibbous,81,2024,5,Spring
,Syria,Damascus,33.5,36.3,1716128100,34,93.2,Sunny,25.5,41,220,SW,1010,29.83,0,0,14,0,32,89.6,10,6,8,30,48.2,201.9,90.1,2.4,2.6,13.5,37.7,1,2,5:32 AM,7:32 PM,3:46 PM,3:06 AM,Waxing Gibbous,81,2024,5,Spring
,Tajikistan,Dushanbe,38.56,68.77,1716128100,20,68,Mist,13.6,22,280,W,1015,29.97,0.06,0,68,100,20,68,4,2,4,18.1,29.2,233.7,67.2,0.8,2.3,1.9,2.9,1,1,5:10 AM,7:34 PM,3:34 PM,2:53 AM,Waxing Gibbous,81,2024,5,Spring
,Tanzania,Dodoma,-6.18,35.75,1716128100,28.4,83.2,Sunny,7.8,12.6,151,SSE,1010,29.83,0,0,36,22,28,82.3,10,6,8,9.1,14.7,233.7,24.7,0.4,0.2,1.2,2.2,1,1,6:39 AM,6:28 PM,3:33 PM,3:15 AM,Waxing Gibbous,81,2024,5,Spring
,Thailand,Bangkok,13.75,100.52,1716128100,27,80.6,Moderate or heavy rain with thunder,5.6,9,200,SSW,1006,29.71,0,0,89,50,29.3,84.7,9,5,1,14.4,23.2,881.2,0,14.6,19.3,14.8,28,1,2,5:51 AM,6:38 PM,3:13 PM,2:47 AM,Waxing Gibbous,81,2024,5,Spring
,Timor-Leste,Dili,-8.56,125.57,1716128100,24.6,76.2,Clear,6.7,10.8,143,SE,1011,29.85,0,0,76,13,26.4,79.5,10,6,1,9.2,14.8,243.7,26.1,0.4,0.2,1.9,4.2,1,1,6:43 AM,6:25 PM,3:24 PM,3:05 AM,Waxing Gibbous,81,2024,5,Spring
,Bulgaria,Lom,43.81,23.24,1716128100,19,66.2,Sunny,3.8,6.1,80,E,1015,29.97,0.01,0,73,0,19,66.2,10,6,4,8.8,14.1,200.3,94.4,0.8,0.3,7.6,12.5,1,1,5:57 AM,8:50 PM,4:47 PM,3:57 AM,Waxing Gibbous,81,2024,5,Spring
,Tonga,Nuku`Aloia,-21.13,-175.2,1716128100,25,77,Light rain,9.4,15.1,30,NNE,1014,29.94,0.05,0,100,50,27.7,81.8,10,6,1,21.3,34.3,217,35.8,0.1,0.1,3.5,11.6,1,1,7:06 AM,6:09 PM,3:19 PM,3:01 AM,Waxing Gibbous,81,2024,5,Spring
,Trinidad and Tobago,Port Of Spain,10.65,-61.52,1716128100,30,86,Partly cloudy,11.9,19.1,130,SE,1015,29.97,0,0,79,25,33.5,92.4,9,5,8,12.3,19.9,303.8,27.5,2.1,0.9,1.5,4.6,1,1,5:44 AM,6:22 PM,3:20 PM,2:51 AM,Waxing Gibbous,81,2024,5,Spring
,Tunisia,Tunis,36.8,10.18,1716128100,29,84.2,Partly cloudy,6.9,11.2,120,ESE,1008,29.77,0,0,45,25,29.2,84.5,10,6,7,10.6,17,243.7,75.8,0.6,1.2,46.3,121.3,3,5,5:09 AM,7:24 PM,3:37 PM,2:51 AM,Waxing Gibbous,81,2024,5,Spring
,Turkey,Ankara,39.93,32.86,1716128100,24,75.2,Sunny,12.5,20.2,250,WSW,1014,29.94,0,0,34,0,24.9,76.7,10,6,6,17,27.4,191.9,103,4.8,2,3.3,7.2,1,1,5:30 AM,8:01 PM,4:04 PM,3:19 AM,Waxing Gibbous,81,2024,5,Spring
,Turkmenistan,Ashgabat,37.95,58.38,1716128100,20,68,Partly cloudy,9.4,15.1,140,SE,1017,30.03,0,0,46,50,20,68,10,6,5,13.9,22.3,210.3,104.4,7.2,5.1,4.8,20.5,1,1,5:53 AM,8:13 PM,4:17 PM,3:36 AM,Waxing Gibbous,81,2024,5,Spring
,Tuvalu,Funafuti,-8.52,179.22,1716128100,30,86,Partly cloudy,10.5,16.9,100,E,1008,29.77,0.01,0,84,75,36.5,97.6,10,6,1,21.8,35,212,10.9,0,0.1,0.7,3.6,1,1,6:08 AM,5:51 PM,2:43 PM,2:24 AM,Waxing Gibbous,81,2024,5,Spring
,Uganda,Kampala,0.32,32.57,1716128100,27,80.6,Partly cloudy,11.9,19.1,180,S,1014,29.94,0,0,70,25,28.5,83.3,10,6,7,16.3,26.3,313.8,28.6,0.5,0.4,3.2,5,1,1,6:42 AM,6:50 PM,3:48 PM,3:27 AM,Waxing Gibbous,81,2024,5,Spring
,Ukraine,Kyiv,50.43,30.52,1716128100,21.3,70.3,Partly Cloudy,6.7,10.8,194,SSW,1016,29.99,0,0,44,30,21.3,70.3,10,6,6,8.9,14.4,200.3,113,1.9,5.8,4.7,5.1,1,1,5:05 AM,8:45 PM,4:22 PM,3:25 AM,Waxing Gibbous,81,2024,5,Spring
,United Arab Emirates,Abu Dhabi,24.47,54.37,1716128100,32,89.6,Sunny,10.5,16.9,280,W,1003,29.62,0,0,46,0,38.4,101.2,10,6,7,20.3,32.7,290.4,165.9,0.5,1.7,27.7,65.9,2,3,5:38 AM,7:01 PM,3:27 PM,2:54 AM,Waxing Gibbous,81,2024,5,Spring
,United Kingdom,London,51.52,-0.11,1716128100,22,71.6,Partly cloudy,9.4,15.1,40,NE,1014,29.94,0,0,46,50,24.1,75.3,10,6,6,13.1,21.1,193.6,120.2,3.1,2.5,6.8,8,1,1,5:02 AM,8:52 PM,4:32 PM,3:28 AM,Waxing Gibbous,81,2024,5,Spring
,United States of America,Washington Park,46.6,-120.49,1716128100,7.8,46,Sunny,18.6,29.9,320,NW,1019,30.08,0,0,63,0,7,44.6,16,9,3,23,37.1,205.3,64.4,2.7,0.1,0.5,0.6,1,1,5:23 AM,8:35 PM,4:50 PM,3:36 AM,Waxing Gibbous,81,2024,5,Spring
,Uruguay,Montevideo,-34.86,-56.17,1716128100,11,51.8,Overcast,6.9,11.2,240,WSW,1026,30.3,0.03,0,87,100,10.2,50.4,10,6,4,11.4,18.4,1028.1,8.2,20.6,17.2,19.9,31,2,2,7:36 AM,5:47 PM,3:35 PM,3:42 AM,Waxing Gibbous,81,2024,5,Spring
,Uzbekistan,Tashkent,41.32,69.25,1716128100,14,57.2,Partly cloudy,6.9,11.2,110,ESE,1019,30.09,0,0,88,62,13.9,57,10,6,4,11.4,18.4,367.2,13.8,47.3,3.3,3.5,4.2,1,1,5:01 AM,7:39 PM,3:34 PM,2:51 AM,Waxing Gibbous,81,2024,5,Spring
,Vanuatu,Port Vila,-17.73,168.32,1716128100,25.7,78.2,Light rain shower,2.7,4.3,303,WNW,1009,29.79,0.93,0.04,91,76,29,84.2,10,6,1,4.5,7.2,207,12.5,0.2,0,0.5,1,1,1,6:06 AM,5:21 PM,2:26 PM,2:09 AM,Waxing Gibbous,81,2024,5,Spring
,Venezuela,Caracas,10.5,-66.92,1716128100,29,84.2,Partly cloudy,5.6,9,340,NNW,1014,29.94,0.31,0.01,79,50,33.1,91.6,10,6,6,6.6,10.7,397.2,22.5,14.1,16.7,3.1,3.3,1,1,6:05 AM,6:43 PM,3:42 PM,3:13 AM,Waxing Gibbous,81,2024,5,Spring
,Vietnam,Hanoi,21.03,105.85,1716128100,26,78.8,Clear,5.6,9,360,N,1005,29.68,2.22,0.09,94,0,30,85.9,10,6,1,6.2,10,1468.7,27.2,43.9,24.8,45.7,57.1,3,5,5:18 AM,6:29 PM,2:53 PM,2:24 AM,Waxing Gibbous,81,2024,5,Spring
,Yemen,Sanaa,15.35,44.21,1716128100,24.8,76.6,Sunny,18.6,29.9,61,ENE,1011,29.84,0,0,24,0,24.1,75.3,10,6,6,21.4,34.4,166.9,65.1,1.1,3.4,40.3,203.4,2,4,5:34 AM,6:26 PM,3:06 PM,2:37 AM,Waxing Gibbous,81,2024,5,Spring
,Zambia,Lusaka,-15.42,28.28,1716128100,24.6,76.3,Sunny,10.1,16.2,116,ESE,1016,29.99,0,0,28,10,24.3,75.7,10,6,7,12.2,19.7,747.7,51.5,1.8,3.6,5.9,10.9,1,1,6:22 AM,5:44 PM,3:00 PM,2:47 AM,Waxing Gibbous,81,2024,5,Spring
,Zimbabwe,Harare,-17.82,31.04,1716128100,24.5,76.1,Sunny,9.4,15.1,93,E,1016,30.02,0,0,14,0,23.5,74.2,10,6,7,10.8,17.4,287.1,55.8,3.1,5.6,6.2,8.5,1,1,6:15 AM,5:30 PM,2:47 PM,2:36 AM,Waxing Gibbous,81,2024,5,Spring
,Afghanistan,Kabul,34.52,69.18,1716215400,14.1,57.3,Patchy rain nearby,2.7,4.3,65,ENE,1017,30.04,0.72,0.03,77,85,14.6,58.2,9,5,1,3.1,5,1215,57.2,15.6,0.4,5.8,13.1,1,1,4:47 AM,6:53 PM,3:57 PM,2:45 AM,Waxing Gibbous,88,2024,5,Spring
,Albania,Tirana,41.33,19.82,1716216300,29,84.2,Partly cloudy,8.1,13,330,NNW,1010,29.83,0,0,58,50,31.2,88.2,10,6,7,12.5,20.2,237,67.2,5.6,0.3,15.7,34.2,2,2,5:18 AM,7:58 PM,5:02 PM,3:30 AM,Waxing Gibbous,88,2024,5,Spring
,Algeria,Algiers,36.76,3.05,1716216300,24,75.2,Partly cloudy,15,24.1,320,NW,1012,29.88,0,0,54,50,25.6,78,10,6,6,19.5,31.3,185.3,111.6,1.7,2.2,6.3,18.9,1,1,5:37 AM,7:53 PM,5:05 PM,3:43 AM,Waxing Gibbous,88,2024,5,Spring
,Andorra,Andorra La Vella,42.5,1.52,1716216300,12.1,53.8,Patchy rain nearby,7.6,12.2,229,SW,1008,29.75,0.32,0.01,48,75,10.8,51.5,10,6,3,9.1,14.7,146.9,65.8,0.6,0.1,0.7,0.9,1,1,6:27 AM,9:15 PM,6:20 PM,4:43 AM,Waxing Gibbous,88,2024,5,Spring
,Angola,Luanda,-8.84,13.23,1716216300,28,82.4,Sunny,9.4,15.1,280,W,1007,29.74,0,0,74,0,30.6,87.2,8,4,8,16.6,26.7,714.3,151.6,6.9,5.3,53.2,113.2,3,6,6:13 AM,5:54 PM,3:41 PM,3:32 AM,Waxing Gibbous,88,2024,5,Spring
,Antigua and Barbuda,Saint John's,17.12,-61.85,1716216300,31,87.8,Partly cloudy,10.5,16.9,90,E,1016,30,0,0,63,50,38.4,101.1,10,6,7,20.8,33.5,260.4,41.1,0.5,0.6,0.8,4.2,1,1,5:35 AM,6:34 PM,4:12 PM,3:23 AM,Waxing Gibbous,88,2024,5,Spring
,Argentina,Buenos Aires,-34.59,-58.67,1716215400,12,53.6,Sunny,11.9,19.1,30,NNE,1020,30.12,0,0,62,0,10.5,51,10,6,5,16.3,26.3,270.4,30.4,2.7,1.3,1.3,2.4,1,1,7:46 AM,5:57 PM,4:09 PM,4:49 AM,Waxing Gibbous,88,2024,5,Spring
,Armenia,Yerevan,40.18,44.51,1716215400,23,73.4,Partly cloudy,4.3,6.8,180,S,1012,29.88,0,0,25,25,24.1,75.4,10,6,6,4.6,7.5,173.6,120.2,1.5,0.4,1.4,1.7,1,1,5:42 AM,8:16 PM,5:17 PM,3:51 AM,Waxing Gibbous,88,2024,5,Spring
,Australia,Canberra,-35.28,149.22,1716216300,3,37.4,Clear,2.5,4,330,NNW,1027,30.33,0,0,93,0,0.7,33.3,10,6,1,10.8,17.4,212,31.5,1.4,0.2,0.5,0.7,1,1,6:55 AM,5:04 PM,3:03 PM,3:25 AM,Waxing Gibbous,88,2024,5,Spring
,Austria,Vienna,48.2,16.37,1716216300,24,75.2,Partly cloudy,4.3,6.8,150,SSE,1011,29.85,0,0,57,25,25.3,77.5,10,6,6,10.5,16.8,217,128.8,4.2,3.5,3.8,4.5,1,1,5:09 AM,8:34 PM,5:28 PM,3:36 AM,Waxing Gibbous,88,2024,5,Spring
,Azerbaijan,Baku,40.4,49.88,1716216300,21,69.8,Partly cloudy,11.9,19.1,180,S,1017,30.03,0,0,38,25,21,69.8,10,6,5,16.3,26.3,217,93,8.1,1.3,1.5,1.8,1,1,5:20 AM,7:55 PM,4:55 PM,3:29 AM,Waxing Gibbous,88,2024,5,Spring
,Bahamas,Nassau,25.08,-77.35,1716216300,28,82.4,Partly cloudy,2.2,3.6,197,SSW,1014,29.93,0.35,0.01,79,75,32.3,90.1,10,6,6,18.3,29.4,247,48.6,0.2,0.3,2.3,4.2,1,1,6:22 AM,7:50 PM,5:25 PM,4:20 AM,Waxing Gibbous,88,2024,5,Spring
,Bahrain,Manama,26.24,50.58,1716216300,34,93.2,Sunny,10.5,16.9,10,N,1005,29.68,0,0,32,0,40,104,10,6,8,29.1,46.9,250.3,161.7,0.5,6.3,35.5,84.4,2,3,4:49 AM,6:20 PM,3:36 PM,2:37 AM,Waxing Gibbous,88,2024,5,Spring
,Bangladesh,Dhaka,23.72,90.41,1716216300,30.3,86.5,Patchy rain nearby,7.2,11.5,242,WSW,1004,29.64,0.08,0,62,88,34,93.1,10,6,1,9.4,15.2,3177.6,0,72,16,100.1,136.1,4,10,5:14 AM,6:36 PM,3:48 PM,2:56 AM,Waxing Gibbous,88,2024,5,Spring
,Barbados,Bridgetown,13.1,-59.62,1716216300,30,86,Partly cloudy,17.4,28.1,90,E,1015,29.97,0.01,0,75,25,35.7,96.2,10,6,6,19.5,31.3,213.6,34.3,1.7,2,1.6,3.9,1,1,5:32 AM,6:18 PM,3:59 PM,3:17 AM,Waxing Gibbous,88,2024,5,Spring
,Belarus,Minsk,53.9,27.57,1716215400,23,73.4,Moderate or heavy rain with thunder,11.9,19.1,290,WNW,1015,29.97,0.87,0.03,36,62,25,77,10,6,4,16.3,26.3,198.6,100.1,3.8,4.2,2.4,2.6,1,1,4:59 AM,9:15 PM,5:53 PM,3:43 AM,Waxing Gibbous,88,2024,5,Spring
,Belgium,Brussels,50.83,4.33,1716216300,18,64.4,Partly cloudy,6.9,11.2,340,NNW,1010,29.83,0.42,0.02,73,50,18,64.4,10,6,4,10.8,17.3,203.6,118.7,5.6,2,5.1,6.1,1,1,5:47 AM,9:33 PM,6:23 PM,4:21 AM,Waxing Gibbous,88,2024,5,Spring
,Belize,Belmopan,17.25,-88.77,1716216300,31,87.8,Partly cloudy,6.9,11.2,110,ESE,1010,29.83,0.01,0,75,75,37.8,100,10,6,6,11.4,18.4,267,22.5,0.4,0.4,4.6,15.2,1,1,5:22 AM,6:22 PM,4:04 PM,3:13 AM,Waxing Gibbous,88,2024,5,Spring
,Benin,Porto-Novo,6.48,2.62,1716216300,33,91.4,Patchy light rain with thunder,13.6,22,220,SW,1009,29.8,0.02,0,71,50,40.3,104.5,10,6,7,18.1,29.2,377.2,25.8,1.5,1.1,2.1,4.4,1,1,6:33 AM,6:59 PM,4:37 PM,4:06 AM,Waxing Gibbous,88,2024,5,Spring
,Bhutan,Thimphu,27.48,89.6,1716216300,10.2,50.3,Light rain shower,3.1,5,239,WSW,1013,29.92,0.69,0.03,95,61,9.9,49.9,10,6,1,5.8,9.3,363.8,60.8,0.7,0.7,9,11.2,1,1,5:10 AM,6:46 PM,3:55 PM,2:57 AM,Waxing Gibbous,88,2024,5,Spring
,Bolivia,Sucre,-19.04,-65.26,1716216300,13.5,56.2,Sunny,4,6.5,23,NNE,1017,30.02,0,0,68,23,13.3,56,10,6,5,4.6,7.5,250.3,48.6,3,1.6,5.2,11.4,1,1,6:43 AM,5:52 PM,3:53 PM,4:02 AM,Waxing Gibbous,88,2024,5,Spring
,Bosnia and Herzegovina,Sarajevo,43.85,18.38,1716216300,26,78.8,Moderate or heavy rain with thunder,8.1,13,190,S,1011,29.85,0.3,0.01,48,50,27.8,82,10,6,5,12.5,20.2,230.3,62.9,2.3,11.6,3.4,5.6,1,1,5:16 AM,8:11 PM,5:12 PM,3:33 AM,Waxing Gibbous,88,2024,5,Spring
,Botswana,Gaborone,-24.65,25.91,1716216300,27,80.6,Sunny,4.3,6.8,100,E,1024,30.24,0,0,28,0,25.2,77.4,10,6,8,7,11.2,567.4,71.5,17.5,4.5,18.9,26,2,2,6:47 AM,5:38 PM,3:35 PM,3:49 AM,Waxing Gibbous,88,2024,5,Spring
,Brazil,Bras,-2.08,-58.17,1716216300,29.4,85,Patchy rain nearby,4.9,7.9,67,ENE,1013,29.9,0.27,0.01,74,86,34.6,94.2,9,5,7,6.8,11,208.6,6.9,0.2,0.1,0.5,0.5,1,1,5:49 AM,5:50 PM,3:40 PM,3:21 AM,Waxing Gibbous,88,2024,5,Spring
,Brunei Darussalam,Bandar Seri Begawan,4.88,114.93,1716216300,27,80.6,Partly cloudy,2.2,3.6,10,N,1008,29.77,0,0,94,25,31.2,88.1,10,6,1,3.2,5.1,687.6,50.1,9.9,3.4,8,8.2,1,1,6:06 AM,6:27 PM,3:53 PM,3:26 AM,Waxing Gibbous,88,2024,5,Spring
,Bulgaria,Sofia,42.68,23.32,1716215400,19,66.2,Overcast,13.6,22,110,ESE,1016,30,0.35,0.01,73,100,19,66.2,10,6,4,18.1,29.2,230.3,80.1,3.7,0.3,3.7,4.9,1,1,5:59 AM,8:48 PM,5:49 PM,4:14 AM,Waxing Gibbous,88,2024,5,Spring
,Burkina Faso,Ouagadougou,12.37,-1.52,1716216300,38,100.4,Partly cloudy,8.1,13,220,SW,1008,29.77,0,0,48,25,37.1,98.8,10,6,10,12.5,20.2,333.8,34.7,0.5,0.6,25.1,124.7,2,3,5:41 AM,6:25 PM,3:59 PM,3:19 AM,Waxing Gibbous,88,2024,5,Spring
,Burundi,Bujumbura,-3.38,29.36,1716216300,21,69.8,Patchy rain nearby,5.4,8.6,190,S,1012,29.87,0.75,0.03,76,83,21,69.8,9,5,6,10.8,17.4,317.1,39,0.5,0.2,2.6,7.3,1,1,6:01 AM,5:58 PM,3:39 PM,3:22 AM,Waxing Gibbous,88,2024,5,Spring
